Flight_Date,Airline_Name,Origin_City,Destination_City,Scheduled_Departure_Time,Actual_Departure_Time,Departure_Delay_Minutes,Scheduled_Arrival_Time,Actual_Arrival_Time,Arrival_Delay_Minutes,Cancelled_Flag,Cancellation_Code,Diverted_Flag,Scheduled_Elapsed_Time_Minutes,Actual_Elapsed_Time_Minutes,Carrier_Delay_HH_MM,Weather_Delay_HH_MM,NAS_Delay_HH_MM,Security_Delay_HH_MM,Late_Aircraft_Delay_HH_MM
2019-12-03,JETBLUE AIRWAYS,"FORT LAUDERDALE, FL","BOSTON, MA",6:10,6:03,-7.0,9:14,10:18,64,Not Cancelled,NOT CANCELLED,Not Diverted,184,255.0,26:04:00,4:44,1:04,1:38,3:37
2019-01-26,AMERICAN AIRLINES INC.,"LAS VEGAS, NV","MIAMI, FL",12:38,12:32,-6.0,20:20,20:15,-5,Not Cancelled,NOT CANCELLED,Not Diverted,282,283.0,30:38:00,14:28,2:50,4:39,8:23
2023-08-25,ALASKA AIRLINES INC.,"SEATTLE, WA","PITTSBURGH, PA",9:35,9:27,-8.0,17:14,16:51,-23,Not Cancelled,NOT CANCELLED,Not Diverted,279,264.0,8:27,16:37,3:22,4:52,1:49
2021-10-24,ENDEAVOR AIR INC.,"NEW YORK, NY","RICHMOND, VA",0:00,12:33,-10.0,14:10,13:51,-19,Not Cancelled,NOT CANCELLED,Not Diverted,87,78.0,44:52:00,4:48,4:39,2:49,10:38
2023-02-14,ALASKA AIRLINES INC.,"LOS ANGELES, CA","SEATTLE, WA",10:50,12:31,101.0,13:48,16:08,140,Not Cancelled,NOT CANCELLED,Not Diverted,178,217.0,28:40:00,21:38,0:39,4:13,1:41
2023-01-23,ALASKA AIRLINES INC.,"CORDOVA, AK","ANCHORAGE, AK",13:49,13:28,-21.0,14:42,14:22,-20,Not Cancelled,NOT CANCELLED,Not Diverted,53,54.0,7:39,13:11,3:50,1:53,13:31
2021-08-20,AMERICAN AIRLINES INC.,"WASHINGTON, DC","DALLAS/FORT WORTH, TX",7:00,6:52,-8.0,9:19,9:12,-7,Not Cancelled,NOT CANCELLED,Not Diverted,199,200.0,17:54,1:26,10:42,3:56,2:44
2023-07-08,UNITED AIR LINES INC.,"CHICAGO, IL","SALT LAKE CITY, UT",9:02,9:00,-2.0,11:32,12:03,31,Not Cancelled,NOT CANCELLED,Not Diverted,210,243.0,36:53:00,6:11,0:31,2:13,21:13
2021-12-30,SKYWEST AIRLINES INC.,"RENO, NV","SAN FRANCISCO, CA",14:28,14:25,-3.0,15:52,15:54,2,Not Cancelled,NOT CANCELLED,Not Diverted,84,89.0,27:22:00,12:49,9:15,2:06,2:16
2019-09-22,UNITED AIR LINES INC.,"BOSTON, MA","NEWARK, NJ",14:00,13:55,-5.0,15:23,15:17,-6,Not Cancelled,NOT CANCELLED,Not Diverted,83,82.0,40:18:00,19:48,12:43,3:20,24:32:00
2022-01-02,UNITED AIR LINES INC.,"DENVER, CO","NEW YORK, NY",16:20,17:43,83.0,21:57,22:55,58,Not Cancelled,NOT CANCELLED,Not Diverted,217,192.0,0:18,10:31,3:28,3:08,0:40
2019-02-18,AMERICAN AIRLINES INC.,"DALLAS/FORT WORTH, TX","MIAMI, FL",14:30,15:59,89.0,18:13,19:29,76,Not Cancelled,NOT CANCELLED,Not Diverted,163,150.0,0:02,8:26,9:21,2:43,1:14
2022-04-06,PSA AIRLINES INC.,"CHARLOTTE, NC","GULFPORT/BILOXI, MS",9:08,9:04,-4.0,10:17,10:08,-9,Not Cancelled,NOT CANCELLED,Not Diverted,129,124.0,15:38,18:33,2:22,3:34,0:31
2021-01-22,SKYWEST AIRLINES INC.,"FRESNO, CA","PHOENIX, AZ",16:23,18:39,136.0,19:03,21:13,130,Not Cancelled,NOT CANCELLED,Not Diverted,100,94.0,2:10,22:48,0:17,4:31,4:50
2020-09-06,REPUBLIC AIRLINE,"CHICAGO, IL",UNKNOWN,20:00,19:53,-7.0,21:59,21:43,-16,Not Cancelled,NOT CANCELLED,Not Diverted,59,50.0,45:08:00,4:13,5:34,1:38,19:34
2019-03-02,UNITED AIR LINES INC.,"CHICAGO, IL","SAN FRANCISCO, CA",6:39,6:39,0.0,9:21,9:51,30,Not Cancelled,NOT CANCELLED,Not Diverted,282,312.0,44:17:00,16:32,0:30,1:45,25:12:00
2022-09-16,PSA AIRLINES INC.,"PHILADELPHIA, PA","INDIANAPOLIS, IN",8:26,8:21,-5.0,10:35,10:15,-20,Not Cancelled,NOT CANCELLED,Not Diverted,129,114.0,1:18,12:32,7:48,1:46,21:20
2020-11-13,ENDEAVOR AIR INC.,"BLOOMINGTON/NORMAL, IL","ATLANTA, GA",6:15,6:08,-7.0,9:05,9:02,-3,Not Cancelled,NOT CANCELLED,Not Diverted,110,114.0,10:13,9:21,13:05,3:03,2:31
2021-10-20,AMERICAN AIRLINES INC.,"PHOENIX, AZ","ALBUQUERQUE, NM",17:05,16:58,-7.0,19:17,19:03,-14,Not Cancelled,NOT CANCELLED,Not Diverted,72,65.0,14:56,17:26,3:12,2:57,2:50
2021-10-25,PSA AIRLINES INC.,"NORFOLK, VA","PHILADELPHIA, PA",18:25,18:16,-9.0,19:36,20:21,45,Not Cancelled,NOT CANCELLED,Not Diverted,71,125.0,48:45:00,19:52,0:45,2:17,9:32
2022-08-28,AMERICAN AIRLINES INC.,"NEW YORK, NY","DALLAS/FORT WORTH, TX",14:55,15:45,50.0,17:46,18:20,34,Not Cancelled,NOT CANCELLED,Not Diverted,231,215.0,0:01,21:44,7:00,4:07,0:33
2021-06-02,UNKNOWN,"PASCO/KENNEWICK/RICHLAND, WA","SEATTLE, WA",11:55,12:05,10.0,13:00,13:06,6,Not Cancelled,NOT CANCELLED,Not Diverted,65,61.0,22:16,13:51,5:47,0:08,11:32
2023-03-16,DELTA AIR LINES INC.,"NASHVILLE, TN","LOS ANGELES, CA",6:10,6:05,-5.0,9:05,8:42,-23,Not Cancelled,NOT CANCELLED,Not Diverted,295,277.0,34:15:00,11:56,7:36,2:14,27:50:00
2019-11-15,ENVOY AIR,"FARGO, ND","DALLAS/FORT WORTH, TX",6:52,0:00,-12.0,9:46,9:07,-39,Not Cancelled,NOT CANCELLED,Not Diverted,174,147.0,26:11:00,18:57,11:33,0:54,4:51
2019-06-05,DELTA AIR LINES INC.,"LOS ANGELES, CA","SALT LAKE CITY, UT",13:25,13:25,0.0,16:18,16:11,-7,Not Cancelled,NOT CANCELLED,Not Diverted,113,106.0,26:34:00,8:34,2:50,0:16,1:20
2021-11-15,AMERICAN AIRLINES INC.,"DALLAS/FORT WORTH, TX","DENVER, CO",18:51,18:53,2.0,20:05,19:54,-11,Not Cancelled,NOT CANCELLED,Not Diverted,134,121.0,32:22:00,14:28,7:08,2:54,15:26
2021-08-01,SOUTHWEST AIRLINES CO.,"BALTIMORE, MD","NASHVILLE, TN",19:10,19:10,0.0,20:00,20:04,4,Not Cancelled,NOT CANCELLED,Not Diverted,110,114.0,27:59:00,21:48,11:37,4:39,18:26
2020-08-03,MESA AIRLINES INC.,"RAPID CITY, SD","DALLAS/FORT WORTH, TX",6:30,6:25,-5.0,9:47,9:29,-18,Not Cancelled,NOT CANCELLED,Not Diverted,137,124.0,5:45,5:17,5:42,3:08,12:37
2023-06-01,SKYWEST AIRLINES INC.,"VICTORIA, TX","HOUSTON, TX",15:55,16:05,10.0,16:49,16:44,-5,Not Cancelled,NOT CANCELLED,Not Diverted,54,39.0,47:18:00,1:30,6:42,1:17,2:37
2022-06-25,AMERICAN AIRLINES INC.,"DALLAS/FORT WORTH, TX","OMAHA, NE",12:56,12:51,-5.0,14:39,14:31,-8,Not Cancelled,NOT CANCELLED,Not Diverted,103,100.0,1:47,10:03,7:06,0:46,8:22
2023-03-05,UNKNOWN,"BOISE, ID","SACRAMENTO, CA",18:15,18:32,17.0,18:40,19:16,36,Not Cancelled,NOT CANCELLED,Not Diverted,85,104.0,23:53,20:37,0:19,1:13,0:17
2019-06-11,ENVOY AIR,"EVANSVILLE, IN","CHICAGO, IL",5:43,5:36,-7.0,7:22,7:05,-17,Not Cancelled,NOT CANCELLED,Not Diverted,99,89.0,37:31:00,1:37,5:08,1:18,20:05
2019-06-07,AMERICAN AIRLINES INC.,"PHILADELPHIA, PA","TAMPA, FL",8:30,8:55,25.0,11:19,11:47,28,Not Cancelled,NOT CANCELLED,Not Diverted,169,172.0,0:25,13:58,0:03,1:06,9:41
2022-05-07,HAWAIIAN AIRLINES INC.,"LAS VEGAS, NV","HONOLULU, HI",1:45,1:37,-8.0,5:05,4:52,-13,Not Cancelled,NOT CANCELLED,Not Diverted,380,375.0,4:47,11:53,13:33,2:40,27:35:00
2023-04-12,SPIRIT AIR LINES,"DETROIT, MI","TAMPA, FL",18:41,18:38,-3.0,21:18,21:16,-2,Not Cancelled,NOT CANCELLED,Not Diverted,157,158.0,30:52:00,4:53,1:50,2:14,14:52
2022-06-22,SPIRIT AIR LINES,"FORT LAUDERDALE, FL","ORLANDO, FL",8:25,8:21,-4.0,9:38,9:23,-15,Not Cancelled,NOT CANCELLED,Not Diverted,73,62.0,32:04:00,9:50,10:08,2:48,26:04:00
2021-08-26,ENDEAVOR AIR INC.,"ATLANTA, GA","BATON ROUGE, LA",11:24,11:25,1.0,11:52,11:40,-12,Not Cancelled,NOT CANCELLED,Not Diverted,88,75.0,13:29,10:25,8:58,0:34,24:46:00
2020-05-20,SOUTHWEST AIRLINES CO.,"BALTIMORE, MD","HARTFORD, CT",20:55,20:50,-5.0,22:10,21:55,-15,Not Cancelled,NOT CANCELLED,Not Diverted,75,65.0,7:34,22:08,8:28,4:57,16:51
2022-05-31,ENDEAVOR AIR INC.,"ATLANTA, GA","BRUNSWICK, GA",10:30,10:27,-3.0,11:40,11:29,-11,Not Cancelled,NOT CANCELLED,Not Diverted,70,62.0,17:28,12:49,14:15,2:03,18:54
2021-12-27,ALASKA AIRLINES INC.,"SEATTLE, WA","ANCHORAGE, AK",14:15,13:24,-2.0,17:03,15:06,-7,Cancelled,AIRLINE/CARRIER,Not Diverted,228,120.0,3:43,2:38,4:47,0:41,2:46
2023-06-08,HAWAIIAN AIRLINES INC.,"HONOLULU, HI","HILO, HI",10:45,10:49,4.0,11:44,11:49,5,Not Cancelled,NOT CANCELLED,Not Diverted,59,60.0,25:42:00,4:25,0:23,4:30,18:04
2019-12-06,DELTA AIR LINES INC.,"RALEIGH/DURHAM, NC","SEATTLE, WA",7:15,7:10,-5.0,10:27,9:56,-31,Not Cancelled,NOT CANCELLED,Not Diverted,372,346.0,37:31:00,22:21,11:18,1:26,11:47
2020-12-20,ALASKA AIRLINES INC.,"LAS VEGAS, NV","PORTLAND, OR",7:00,6:51,-9.0,9:27,9:06,-21,Not Cancelled,NOT CANCELLED,Not Diverted,147,135.0,17:27,13:39,9:15,2:44,5:19
2022-05-09,ALASKA AIRLINES INC.,UNKNOWN,"BURBANK, CA",17:10,17:06,-4.0,19:19,19:22,3,Not Cancelled,NOT CANCELLED,Not Diverted,129,136.0,14:27,16:29,5:08,0:17,11:55
2022-07-18,SPIRIT AIR LINES,"BALTIMORE, MD","ORLANDO, FL",14:13,15:50,97.0,16:39,18:07,88,Not Cancelled,NOT CANCELLED,Not Diverted,146,137.0,27:31:00,2:17,0:50,1:20,0:38
2022-07-13,SPIRIT AIR LINES,"HARTFORD, CT","MIAMI, FL",16:05,16:04,-1.0,19:25,19:46,21,Not Cancelled,NOT CANCELLED,Not Diverted,200,222.0,35:41:00,21:23,0:21,3:01,15:23
2021-05-01,JETBLUE AIRWAYS,"BOSTON, MA","SAN DIEGO, CA",9:45,9:41,-4.0,13:21,12:43,-38,Not Cancelled,NOT CANCELLED,Not Diverted,396,362.0,5:18,17:12,4:32,1:51,16:52
2019-12-07,HAWAIIAN AIRLINES INC.,"HONOLULU, HI","LIHUE, HI",10:22,10:30,8.0,11:03,11:11,8,Not Cancelled,NOT CANCELLED,Not Diverted,41,41.0,2:21,12:21,11:38,4:42,15:56
2019-06-03,SOUTHWEST AIRLINES CO.,"PHOENIX, AZ","ONTARIO, CA",21:30,22:07,37.0,22:35,23:09,34,Not Cancelled,NOT CANCELLED,Not Diverted,65,62.0,0:03,17:51,8:42,0:37,0:31
2022-03-31,SOUTHWEST AIRLINES CO.,"CHARLESTON, SC","DALLAS, TX",17:05,17:20,15.0,19:00,19:21,21,Not Cancelled,NOT CANCELLED,Not Diverted,175,181.0,7:46,6:39,0:06,5:00,0:15
2021-07-23,SKYWEST AIRLINES INC.,"PRESCOTT, AZ","DENVER, CO",17:15,18:18,63.0,19:59,21:20,81,Not Cancelled,NOT CANCELLED,Not Diverted,104,122.0,21:00,16:20,2:30,2:11,1:21
2019-04-24,ENVOY AIR,"COLUMBUS, OH","CHICAGO, IL",10:38,10:36,-2.0,11:09,11:00,-9,Not Cancelled,NOT CANCELLED,Not Diverted,91,84.0,9:54,12:36,8:54,3:13,14:55
2019-12-10,UNITED AIR LINES INC.,"DENVER, CO","CHICAGO, IL",11:00,13:45,165.0,14:28,16:56,148,Not Cancelled,NOT CANCELLED,Not Diverted,148,131.0,22:41,11:16,8:38,4:35,2:28
2020-03-09,ENDEAVOR AIR INC.,"ATLANTA, GA","GAINESVILLE, FL",9:29,9:25,-4.0,10:49,10:34,-15,Not Cancelled,NOT CANCELLED,Not Diverted,80,69.0,48:26:00,6:24,10:54,2:42,12:18
2020-03-06,AMERICAN AIRLINES INC.,"WASHINGTON, DC","CHARLOTTE, NC",6:50,6:44,-6.0,8:19,8:48,29,Not Cancelled,NOT CANCELLED,Not Diverted,89,124.0,41:56:00,16:08,0:29,4:53,12:35
2021-11-04,SKYWEST AIRLINES INC.,"ST. GEORGE, UT","PHOENIX, AZ",11:00,10:55,-5.0,11:10,10:53,-17,Not Cancelled,NOT CANCELLED,Not Diverted,70,58.0,0:25,18:07,13:37,1:18,4:05
2020-11-13,DELTA AIR LINES INC.,"ATLANTA, GA",UNKNOWN,15:10,15:49,39.0,16:18,17:05,47,Not Cancelled,NOT CANCELLED,Not Diverted,128,136.0,0:39,18:11,0:08,4:46,2:33
2019-08-16,SPIRIT AIR LINES,"LAS VEGAS, NV","SEATTLE, WA",16:41,16:33,-8.0,19:17,19:13,-4,Not Cancelled,NOT CANCELLED,Not Diverted,156,160.0,13:06,13:49,9:53,0:02,4:50
2019-11-05,HAWAIIAN AIRLINES INC.,"LOS ANGELES, CA","LIHUE, HI",9:00,8:58,-2.0,13:10,12:59,-11,Not Cancelled,NOT CANCELLED,Not Diverted,370,361.0,1:08,18:23,8:21,1:48,18:23
2020-12-21,MESA AIRLINES INC.,"DALLAS/FORT WORTH, TX","BAKERSFIELD, CA",9:05,9:03,-2.0,10:47,10:45,-2,Not Cancelled,NOT CANCELLED,Not Diverted,222,222.0,32:50:00,4:53,5:46,0:18,26:02:00
2021-12-20,SKYWEST AIRLINES INC.,"LOS ANGELES, CA","SACRAMENTO, CA",17:55,18:01,6.0,19:35,19:21,-14,Not Cancelled,NOT CANCELLED,Not Diverted,100,80.0,11:51,4:31,8:50,2:54,4:33
2021-10-27,SOUTHWEST AIRLINES CO.,"AUSTIN, TX","BALTIMORE, MD",5:55,6:13,18.0,10:05,10:14,9,Not Cancelled,NOT CANCELLED,Not Diverted,190,181.0,8:34,10:12,12:31,2:59,23:11
2020-01-29,SKYWEST AIRLINES INC.,"DALLAS/FORT WORTH, TX","CHARLOTTE, NC+D64",11:32,11:27,-5.0,12:50,12:28,-22,Not Cancelled,NOT CANCELLED,Not Diverted,138,121.0,17:02,8:23,4:26,1:50,15:15
2022-01-24,SOUTHWEST AIRLINES CO.,"INDIANAPOLIS, IN","ORLANDO, FL",20:45,20:33,-12.0,23:10,22:32,-38,Not Cancelled,NOT CANCELLED,Not Diverted,145,119.0,17:30,3:27,4:39,4:43,20:04
2020-01-21,REPUBLIC AIRLINE,"WASHINGTON, DC","INDIANAPOLIS, IN",8:35,8:29,-6.0,10:42,9:56,-46,Not Cancelled,NOT CANCELLED,Not Diverted,127,87.0,8:07,13:54,10:59,4:05,0:52
2022-04-29,MESA AIRLINES INC.,"HOUSTON, TX","EL PASO, TX",12:21,12:14,-7.0,13:23,13:05,-18,Not Cancelled,NOT CANCELLED,Not Diverted,122,111.0,35:24:00,3:08,10:46,3:24,5:14
2022-02-06,AMERICAN AIRLINES INC.,"LAS VEGAS, NV","PHOENIX, AZ",19:43,19:39,-4.0,21:51,21:43,-8,Not Cancelled,NOT CANCELLED,Not Diverted,68,64.0,31:10:00,18:22,7:33,3:33,3:56
2021-09-23,AMERICAN AIRLINES INC.,"COLORADO SPRINGS, CO","DALLAS/FORT WORTH, TX",6:15,6:07,-8.0,9:08,8:54,-14,Not Cancelled,NOT CANCELLED,Not Diverted,113,107.0,36:38:00,20:39,12:05,0:48,12:43
2022-07-12,SOUTHWEST AIRLINES CO.,"PHOENIX, AZ","SAN JOSE, CA",21:00,21:41,41.0,22:45,23:25,40,Not Cancelled,NOT CANCELLED,Not Diverted,105,104.0,0:40,23:07,12:07,0:29,4:54
2022-09-25,UNITED AIR LINES INC.,"DENVER, CO","NEWARK, NJ",12:20,12:30,10.0,17:52,18:09,17,Not Cancelled,NOT CANCELLED,Not Diverted,212,219.0,0:10,22:39,0:07,1:44,9:09
2020-12-28,SOUTHWEST AIRLINES CO.,"SAN JOSE, CA","PHOENIX, AZ",18:40,18:33,-7.0,21:30,21:11,-19,Not Cancelled,NOT CANCELLED,Not Diverted,110,98.0,19:50,21:33,12:30,2:30,1:31
2023-03-03,JETBLUE AIRWAYS,"NEW YORK, NY","ROCHESTER, NY",14:59,14:56,-3.0,16:23,16:10,-13,Not Cancelled,NOT CANCELLED,Not Diverted,84,74.0,13:56,20:52,11:27,3:55,15:50
2021-07-28,SOUTHWEST AIRLINES CO.,"CHICAGO, IL","SAN JOSE, CA",18:05,18:10,5.0,20:30,20:08,-22,Not Cancelled,NOT CANCELLED,Not Diverted,265,238.0,35:15:00,21:45,3:02,2:07,28:13:00
2019-02-04,AMERICAN AIRLINES INC.,"ALBANY, NY","CHARLOTTE, NC",19:09,19:04,-5.0,21:35,21:08,-27,Not Cancelled,NOT CANCELLED,Not Diverted,146,124.0,2:37,14:45,11:55,2:05,28:03:00
2021-09-19,UNITED AIR LINES INC.,"AUSTIN, TX","SAN FRANCISCO, CA",19:16,19:13,-3.0,21:12,20:52,-20,Not Cancelled,NOT CANCELLED,Not Diverted,236,219.0,29:34:00,8:54,14:39,3:54,20:31
2021-08-30,UNITED AIR LINES INC.,"DENVER, CO","SPOKANE, WA",19:55,19:47,-8.0,21:12,21:07,-5,Not Cancelled,NOT CANCELLED,Not Diverted,137,140.0,26:02:00,6:00,4:59,2:50,17:51
2021-11-04,UNITED AIR LINES INC.,"SAN FRANCISCO, CA","SANTA ANA, CA",13:20,00:00,-4.0,14:53,14:38,-15,Not Cancelled,NOT CANCELLED,Not Diverted,93,82.0,18:37,0:58,12:02,0:58,4:58
2019-03-26,AMERICAN AIRLINES INC.,"CHARLOTTE, NC","DALLAS/FORT WORTH, TX",11:55,12:15,20.0,13:59,14:06,7,Not Cancelled,NOT CANCELLED,Not Diverted,184,171.0,32:41:00,23:02,14:21,3:52,12:20
2019-02-22,ENVOY AIR,"CHICAGO, IL","GRAND RAPIDS, MI",11:45,11:42,-3.0,13:38,13:39,1,Not Cancelled,NOT CANCELLED,Not Diverted,53,57.0,40:15:00,18:40,4:29,4:01,5:50
2022-01-09,SKYWEST AIRLINES INC.,"SALT LAKE CITY, UT","BURBANK, CA",11:30,11:26,-4.0,12:35,12:13,-22,Not Cancelled,NOT CANCELLED,Not Diverted,125,107.0,16:06,5:54,0:56,4:17,13:38
2019-05-08,PSA AIRLINES INC.,"WASHINGTON, DC","HUNTSVILLE, AL",8:40,8:36,-4.0,9:43,9:28,-15,Not Cancelled,NOT CANCELLED,Not Diverted,123,112.0,38:04:00,18:28,5:41,0:14,9:37
2019-09-01,ENDEAVOR AIR INC.,"ATLANTA, GA","MOBILE, AL",22:08,21:55,-13.0,22:24,22:17,-7,Not Cancelled,NOT CANCELLED,Not Diverted,76,82.0,23:53,3:43,0:37,4:25,23:31
2021-03-08,SOUTHWEST AIRLINES CO.,"ROCHESTER, NY","TAMPA, FL",18:40,18:46,6.0,21:40,21:23,-17,Not Cancelled,NOT CANCELLED,Not Diverted,180,157.0,16:47,14:35,11:16,4:37,21:58
2022-11-12,DELTA AIR LINES INC.,"ORLANDO, FL","DETROIT, MI",16:30,16:32,2.0,19:10,19:07,-3,Not Cancelled,NOT CANCELLED,Not Diverted,160,155.0,14:52,19:47,7:36,1:11,3:50
2019-07-29,UNITED AIR LINES INC.,"DENVER, CO","ALBUQUERQUE, NM",19:00,18:56,-4.0,20:20,20:35,15,Not Cancelled,NOT CANCELLED,Not Diverted,80,99.0,11:59,12:54,0:15,1:26,28:27:00
2019-03-19,REPUBLIC AIRLINE,"KANSAS CITY, MO","CHICAGO, IL",9:05,9:00,-5.0,10:44,10:34,-10,Not Cancelled,NOT CANCELLED,Not Diverted,99,94.0,27:51:00,1:19,4:01,2:49,11:43
2019-06-05,AMERICAN AIRLINES INC.,"RALEIGH/DURHAM, NC","CHARLOTTE, NC",16:16,16:32,16.0,17:25,17:28,3,Not Cancelled,NOT CANCELLED,Not Diverted,69,56.0,24:11:00,7:49,13:13,1:42,26:13:00
2019-04-01,SOUTHWEST AIRLINES CO.,"SAN JOSE, CA","SEATTLE, WA",21:30,21:34,4.0,23:40,23:25,-15,Not Cancelled,NOT CANCELLED,Not Diverted,130,111.0,11:36,10:21,1:56,3:33,7:25
2020-06-23,ENVOY AIR,"MINNEAPOLIS, MN","CHICAGO, IL",6:05,6:04,-1.0,7:31,7:19,-12,Not Cancelled,NOT CANCELLED,Not Diverted,86,75.0,1:06,16:10,10:33,4:26,23:31
2019-02-22,AMERICAN AIRLINES INC.,"CHICAGO, IL","NEWARK, NJ",8:55,8:53,-2.0,12:01,11:45,-16,Not Cancelled,NOT CANCELLED,Not Diverted,126,112.0,37:06:00,18:14,13:27,3:28,3:32
2020-09-26,UNITED AIR LINES INC.,"SAN FRANCISCO, CA","SEATTLE, WA",10:50,10:45,-5.0,13:14,12:52,-22,Not Cancelled,NOT CANCELLED,Not Diverted,144,127.0,31:00:00,20:40,0:02,3:47,2:13
2022-07-13,SKYWEST AIRLINES INC.,"LOS ANGELES, CA","MONTEREY, CA",8:33,8:31,-2.0,9:55,9:47,-8,Not Cancelled,NOT CANCELLED,Not Diverted,82,76.0,36:01:00,22:54,14:43,1:04,9:00
2020-10-13,UNITED AIR LINES INC.,"CHICAGO, IL","SAN JUAN, PR",20:20,20:12,-8.0,2:12,1:37,-35,Not Cancelled,NOT CANCELLED,Not Diverted,292,265.0,3:45,13:52,3:58,0:08,7:07
2020-05-03,SOUTHWEST AIRLINES CO.,"DALLAS, TX","LOS ANGELES, CA",9:00,8:58,-2.0,10:25,10:05,-20,Not Cancelled,NOT CANCELLED,Not Diverted,205,187.0,7:13,9:12,12:47,4:48,20:22
2021-01-04,AMERICAN AIRLINES INC.,"PORTLAND, OR","PHOENIX, AZ",15:41,15:43,2.0,19:09,19:20,11,Not Cancelled,NOT CANCELLED,Not Diverted,148,157.0,9:07,8:47,13:18,0:18,20:45
2019-02-17,SOUTHWEST AIRLINES CO.,"ALBUQUERQUE, NM",UNKNOWN,15:30,15:23,-7.0,18:30,18:11,-19,Not Cancelled,NOT CANCELLED,Not Diverted,120,108.0,24:53:00,13:44,0:57,0:13,4:45
2019-01-16,SOUTHWEST AIRLINES CO.,"HARLINGEN/SAN BENITO, TX","HOUSTON, TX",10:15,11:12,57.0,11:25,12:14,49,Not Cancelled,NOT CANCELLED,Not Diverted,70,62.0,39:21:00,18:37,11:38,2:53,0:49
2022-10-27,DELTA AIR LINES INC.,"MINNEAPOLIS, MN","SEATTLE, WA",18:32,18:30,-2.0,20:21,20:06,-15,Not Cancelled,NOT CANCELLED,Not Diverted,229,216.0,3:01,4:44,11:32,4:40,4:50
2020-10-18,UNITED AIR LINES INC.,"LOS ANGELES, CA","ORLANDO, FL",10:25,10:23,-2.0,18:24,18:02,-22,Not Cancelled,NOT CANCELLED,Not Diverted,299,279.0,28:29:00,12:49,11:38,0:09,27:43:00
2019-12-29,UNITED AIR LINES INC.,"AUSTIN, TX","HOUSTON, TX",16:12,16:18,6.0,17:21,17:18,-3,Not Cancelled,NOT CANCELLED,Not Diverted,69,60.0,28:41:00,16:28,12:35,3:35,2:43
2021-08-04,PSA AIRLINES INC.,"TULSA, OK","CHARLOTTE, NC",11:53,11:48,-5.0,15:28,15:21,-7,Not Cancelled,NOT CANCELLED,Not Diverted,155,153.0,42:54:00,18:17,10:46,1:00,1:37
2023-03-01,AMERICAN AIRLINES INC.,"DETROIT, MI","DALLAS/FORT WORTH, TX",5:20,5:15,-5.0,7:25,7:20,-5,Not Cancelled,NOT CANCELLED,Not Diverted,185,185.0,19:01,8:51,1:41,4:13,15:04
2022-12-25,AMERICAN AIRLINES INC.,"RICHMOND, VA","CHARLOTTE, NC",8:45,8:40,-5.0,10:06,10:13,7,Not Cancelled,NOT CANCELLED,Not Diverted,81,93.0,18:29,2:07,6:40,4:25,8:03
2023-01-21,REPUBLIC AIRLINE,"NEW YORK, NY","LOUISVILLE, KY",13:00,12:52,-8.0,15:35,15:10,-25,Not Cancelled,NOT CANCELLED,Not Diverted,155,138.0,32:23:00,2:26,5:50,1:51,6:12
2019-10-18,ENVOY AIR,"SAVANNAH, GA","MIAMI, FL",17:03,17:07,4.0,18:35,18:37,2,Not Cancelled,NOT CANCELLED,Not Diverted,92,90.0,34:27:00,22:04,0:12,4:17,1:06
2019-02-11,DELTA AIR LINES INC.,"ATLANTA, GA","WEST PALM BEACH/PALM BEACH, FL",22:45,22:43,-2.0,0:30,0:14,-16,Not Cancelled,NOT CANCELLED,Not Diverted,105,91.0,14:14,17:57,8:45,1:34,11:15
2019-03-31,AMERICAN AIRLINES INC.,"FORT LAUDERDALE, FL","CHARLOTTE, NC",19:07,19:03,-4.0,21:16,21:08,-8,Not Cancelled,NOT CANCELLED,Not Diverted,129,125.0,43:30:00,18:46,6:07,2:19,14:18
2023-05-02,SPIRIT AIR LINES,"TAMPA, FL","PITTSBURGH, PA",5:45,5:38,-7.0,8:05,7:55,-10,Not Cancelled,NOT CANCELLED,Not Diverted,140,137.0,42:54:00,18:49,10:22,3:23,7:56
2022-01-28,AMERICAN AIRLINES INC.,"DALLAS/FORT WORTH, TX","SAN DIEGO, CA",20:40,20:36,-4.0,21:52,21:40,-12,Not Cancelled,NOT CANCELLED,Not Diverted,192,184.0,30:25:00,22:55,7:12,1:07,25:47:00
2022-09-05,JETBLUE AIRWAYS,"WEST PALM BEACH/PALM BEACH, FL","WASHINGTON, DC",13:20,13:12,-8.0,15:44,15:37,-7,Not Cancelled,NOT CANCELLED,Not Diverted,144,145.0,21:06,3:07,0:09,0:00,14:14
2022-01-23,DELTA AIR LINES INC.,"LOS ANGELES, CA","NEW ORLEANS, LA",12:26,12:23,-3.0,17:57,17:41,-16,Not Cancelled,NOT CANCELLED,Not Diverted,211,198.0,15:00,15:18,0:45,1:01,11:15
2020-12-21,SKYWEST AIRLINES INC.,"BOISE, ID","SEATTLE, WA",6:00,5:55,-5.0,6:49,6:32,-17,Not Cancelled,NOT CANCELLED,Not Diverted,109,97.0,40:38:00,8:43,3:22,2:03,26:40:00
2021-10-31,SOUTHWEST AIRLINES CO.,"LAS VEGAS, NV","BOISE, ID",20:40,20:51,11.0,23:25,23:26,1,Not Cancelled,NOT CANCELLED,Not Diverted,105,95.0,2:03,10:11,14:23,1:24,12:18
2019-08-28,SOUTHWEST AIRLINES CO.,"LOS ANGELES, CA","RENO, NV",10:30,10:48,18.0,11:55,11:57,2,Not Cancelled,NOT CANCELLED,Not Diverted,85,69.0,18:11,18:16,10:11,4:36,6:47
2021-12-22,AMERICAN AIRLINES INC.,"WASHINGTON, DC","FORT MYERS, FL",8:36,8:36,0.0,11:22,11:08,-14,Not Cancelled,NOT CANCELLED,Not Diverted,166,152.0,31:52:00,8:29,6:26,1:46,26:05:00
2022-10-22,MESA AIRLINES INC.,"HOUSTON, TX","KANSAS CITY, MO",7:55,7:54,-1.0,10:00,9:51,-9,Not Cancelled,NOT CANCELLED,Not Diverted,125,117.0,22:08,12:51,10:40,4:12,7:33
2020-09-30,ALASKA AIRLINES INC.,"SEATTLE, WA","LAS VEGAS, NV",16:05,16:09,4.0,18:27,18:26,-1,Not Cancelled,NOT CANCELLED,Not Diverted,142,137.0,17:37,17:23,7:34,3:49,2:34
2023-05-17,SOUTHWEST AIRLINES CO.,"BALTIMORE, MD","BUFFALO, NY",16:25,16:24,-1.0,17:35,17:32,-3,Not Cancelled,NOT CANCELLED,Not Diverted,70,68.0,27:21:00,23:05,9:33,4:24,3:01
2023-08-07,UNITED AIR LINES INC.,"DALLAS/FORT WORTH, TX","CHICAGO, IL",16:22,16:22,0.0,18:54,18:42,-12,Not Cancelled,NOT CANCELLED,Not Diverted,152,140.0,39:13:00,20:38,10:31,1:53,15:57
2023-08-22,DELTA AIR LINES INC.,"ATLANTA, GA","GAINESVILLE, FL",17:57,17:49,-8.0,19:07,18:59,-8,Not Cancelled,NOT CANCELLED,Not Diverted,70,70.0,39:21:00,4:42,0:01,2:07,15:09
2022-06-28,SOUTHWEST AIRLINES CO.,"ATLANTA, GA","WEST PALM BEACH/PALM BEACH, FL",16:20,16:15,-5.0,18:05,17:48,-17,Not Cancelled,NOT CANCELLED,Not Diverted,105,93.0,17:57,22:38,5:31,3:32,22:03
2019-01-21,SOUTHWEST AIRLINES CO.,"PHOENIX, AZ","LOS ANGELES, CA",21:00,21:32,32.0,21:35,21:57,22,Not Cancelled,NOT CANCELLED,Not Diverted,95,85.0,0:22,12:08,5:54,4:30,11:37
2022-09-09,PSA AIRLINES INC.,"ALLENTOWN/BETHLEHEM/EASTON, PA","CHARLOTTE, NC",6:20,6:07,-13.0,8:21,7:34,-47,Not Cancelled,NOT CANCELLED,Not Diverted,121,87.0,3:12,4:38,10:22,0:09,16:44
2021-06-01,AMERICAN AIRLINES INC.,"WEST PALM BEACH/PALM BEACH, FL","PHILADELPHIA, PA",11:00,10:58,-2.0,13:37,13:46,9,Not Cancelled,NOT CANCELLED,Not Diverted,157,168.0,15:11,14:37,5:46,2:07,14:09
2021-04-14,UNITED AIR LINES INC.,"BOSTON, MA","DENVER, CO",15:45,00:00,111.0,18:29,19:54,85,Not Cancelled,NOT CANCELLED,Not Diverted,284,258.0,4:27,6:19,4:10,3:13,1:25
2021-08-20,AMERICAN AIRLINES INC.,"DALLAS/FORT WORTH, TX","PITTSBURGH, PA",11:23,11:28,5.0,15:03,15:04,1,Not Cancelled,NOT CANCELLED,Not Diverted,160,156.0,7:06,3:37,12:54,0:59,17:14
2020-12-24,FRONTIER AIRLINES INC.,"FORT MYERS, FL","CLEVELAND, OH",13:50,13:45,-5.0,16:37,16:15,-22,Not Cancelled,NOT CANCELLED,Not Diverted,167,150.0,10:59,4:20,6:26,2:00,18:10
2023-07-08,SOUTHWEST AIRLINES CO.,"RENO, NV","LAS VEGAS, NV",21:20,21:11,-9.0,22:35,22:17,-18,Not Cancelled,NOT CANCELLED,Not Diverted,75,66.0,28:51:00,17:03,8:55,0:54,9:55
2020-09-09,MESA AIRLINES INC.,"GULFPORT/BILOXI, MS","DALLAS/FORT WORTH, TX",6:00,6:00,0.0,7:51,7:41,-10,Not Cancelled,NOT CANCELLED,Not Diverted,111,101.0,35:14:00,10:13,13:46,1:07,3:41
2022-04-25,ALLEGIANT AIR,"SANFORD, FL","ALLENTOWN/BETHLEHEM/EASTON, PA",9:37,9:32,-5.0,11:56,11:54,-2,Not Cancelled,NOT CANCELLED,Not Diverted,139,142.0,12:18,6:45,5:24,0:35,2:37
2022-11-11,ENVOY AIR,"CHICAGO, IL","ATLANTA, GA",9:35,10:32,57.0,12:51,13:25,34,Not Cancelled,NOT CANCELLED,Not Diverted,136,113.0,0:34,22:22,11:02,4:32,20:16
2021-09-15,SKYWEST AIRLINES INC.,"RAPID CITY, SD","CHICAGO, IL",9:50,9:43,-7.0,13:11,12:52,-19,Not Cancelled,NOT CANCELLED,Not Diverted,141,129.0,19:22,17:38,0:30,4:19,2:29
2022-12-12,DELTA AIR LINES INC.,"DALLAS/FORT WORTH, TX","ATLANTA, GA",19:47,19:29,-18.0,22:47,22:24,-23,Not Cancelled,NOT CANCELLED,Not Diverted,120,115.0,23:39,1:14,0:38,3:57,15:23
2022-07-11,DELTA AIR LINES INC.,"RALEIGH/DURHAM, NC","ATLANTA, GA",15:34,15:33,-1.0,17:05,16:48,-17,Not Cancelled,NOT CANCELLED,Not Diverted,91,75.0,8:09,1:52,14:13,0:58,20:53
2023-03-07,REPUBLIC AIRLINE,"WASHINGTON, DC","LEXINGTON, KY",21:05,20:55,-10.0,22:50,22:32,-18,Not Cancelled,NOT CANCELLED,Not Diverted,105,97.0,17:58,1:12,14:07,2:03,5:02
2022-04-14,SOUTHWEST AIRLINES CO.,"PHOENIX, AZ","BURBANK, CA",18:50,18:50,0.0,20:10,20:11,1,Not Cancelled,NOT CANCELLED,Not Diverted,80,81.0,27:15:00,18:17,2:53,1:11,8:13
2019-04-26,SOUTHWEST AIRLINES CO.,"HOUSTON, TX","KANSAS CITY, MO",8:25,8:24,-1.0,10:25,10:18,-7,Not Cancelled,NOT CANCELLED,Not Diverted,120,114.0,10:05,1:56,0:22,4:36,4:09
2022-06-25,DELTA AIR LINES INC.,"SPOKANE, WA","SALT LAKE CITY, UT",17:22,17:14,-8.0,20:02,19:48,-14,Not Cancelled,NOT CANCELLED,Not Diverted,100,94.0,6:09,6:04,0:31,1:14,9:34
2019-01-07,SOUTHWEST AIRLINES CO.,"BALTIMORE, MD","CINCINNATI, OH",12:20,12:13,-7.0,14:00,13:42,-18,Not Cancelled,NOT CANCELLED,Not Diverted,100,89.0,38:57:00,8:15,11:31,1:00,16:49
2023-03-21,SOUTHWEST AIRLINES CO.,"LOS ANGELES, CA","NASHVILLE, TN",11:55,12:45,50.0,17:45,18:37,52,Not Cancelled,NOT CANCELLED,Not Diverted,230,232.0,0:30,13:16,0:02,2:34,0:20
2021-02-22,SKYWEST AIRLINES INC.,"JAMESTOWN, ND","DEVILS LAKE, ND",14:32,14:18,-14.0,15:14,14:52,-22,Not Cancelled,NOT CANCELLED,Not Diverted,42,34.0,1:52,20:02,13:58,2:26,15:16
2019-08-04,SKYWEST AIRLINES INC.,"DETROIT, MI","ST. LOUIS, MO",17:45,18:03,18.0,18:23,18:46,23,Not Cancelled,NOT CANCELLED,Not Diverted,98,103.0,35:25:00,0:18,0:05,0:12,27:32:00
2019-11-06,JETBLUE AIRWAYS,"FORT LAUDERDALE, FL","RICHMOND, VA",21:32,21:22,-10.0,23:40,23:38,-2,Not Cancelled,NOT CANCELLED,Not Diverted,128,136.0,44:19:00,13:57,4:40,3:50,6:17
2021-01-17,SOUTHWEST AIRLINES CO.,"DALLAS, TX","DENVER, CO",19:00,19:12,12.0,20:00,20:10,10,Not Cancelled,NOT CANCELLED,Not Diverted,120,118.0,42:05:00,15:03,7:16,4:18,8:00
2021-04-19,AMERICAN AIRLINES INC.,"DALLAS/FORT WORTH, TX","SEATTLE, WA",15:05,15:02,-3.0,17:31,17:16,-15,Not Cancelled,NOT CANCELLED,Not Diverted,266,254.0,27:37:00,5:44,11:40,4:49,25:14:00
2021-08-18,ENVOY AIR,"CHICAGO, IL","SPRINGFIELD, MO",19:05,19:06,1.0,20:43,20:37,-6,Not Cancelled,NOT CANCELLED,Not Diverted,98,91.0,3:40,22:36,6:50,0:07,1:56
2023-03-23,SOUTHWEST AIRLINES CO.,"AUSTIN, TX","ST. LOUIS, MO",10:35,10:30,-5.0,12:35,12:17,-18,Not Cancelled,NOT CANCELLED,Not Diverted,120,107.0,22:07,22:42,5:39,0:38,8:30
2021-01-07,SKYWEST AIRLINES INC.,"PORTLAND, OR","SEATTLE, WA",22:55,22:50,-5.0,23:49,23:35,-14,Not Cancelled,NOT CANCELLED,Not Diverted,54,45.0,41:31:00,20:56,9:41,2:16,11:46
2022-12-18,DELTA AIR LINES INC.,"DETROIT, MI","LAS VEGAS, NV",18:25,18:19,-6.0,20:00,19:43,-17,Not Cancelled,NOT CANCELLED,Not Diverted,275,264.0,7:12,10:25,2:56,2:27,9:15
2019-10-28,SOUTHWEST AIRLINES CO.,"DALLAS, TX","SAN ANTONIO, TX",14:15,14:26,11.0,15:25,15:26,1,Not Cancelled,NOT CANCELLED,Not Diverted,70,60.0,1:55,21:52,5:04,1:48,9:19
2019-01-08,SOUTHWEST AIRLINES CO.,"MILWAUKEE, WI","FORT MYERS, FL",12:05,12:06,1.0,16:05,15:43,-22,Not Cancelled,NOT CANCELLED,Not Diverted,180,157.0,42:22:00,12:04,1:42,2:45,25:25:00
2020-08-29,SKYWEST AIRLINES INC.,"BURBANK, CA","SEATTLE, WA",19:00,18:50,-10.0,21:45,21:33,-12,Not Cancelled,NOT CANCELLED,Not Diverted,165,163.0,27:55:00,15:56,1:26,0:54,3:03
2022-08-24,UNITED AIR LINES INC.,"DENVER, CO","SAN JOSE, CA",19:14,19:12,-2.0,20:51,20:35,-16,Not Cancelled,NOT CANCELLED,Not Diverted,157,143.0,32:36:00,16:04,0:12,3:11,19:34
2019-06-25,SKYWEST AIRLINES INC.,"LOS ANGELES, CA","PORTLAND, OR",9:00,9:31,31.0,11:20,11:52,32,Not Cancelled,NOT CANCELLED,Not Diverted,140,141.0,0:31,20:49,0:01,4:28,9:46
2019-09-22,AMERICAN AIRLINES INC.,"FORT LAUDERDALE, FL","DALLAS/FORT WORTH, TX",11:36,11:29,-7.0,13:44,13:24,-20,Not Cancelled,NOT CANCELLED,Not Diverted,188,175.0,44:56:00,3:51,3:01,4:48,5:07
2022-07-23,DELTA AIR LINES INC.,"RALEIGH/DURHAM, NC","ORLANDO, FL",7:05,6:59,-6.0,8:44,8:33,-11,Not Cancelled,NOT CANCELLED,Not Diverted,99,94.0,29:18:00,11:47,1:12,3:32,10:48
2019-11-12,SOUTHWEST AIRLINES CO.,"CHICAGO, IL","LOS ANGELES, CA",17:25,17:39,14.0,20:00,19:49,-11,Not Cancelled,NOT CANCELLED,Not Diverted,275,250.0,25:01:00,13:45,8:30,0:27,23:50
2022-10-31,SPIRIT AIR LINES,"CHICAGO, IL","HOUSTON, TX",5:30,6:45,75.0,8:22,9:25,63,Not Cancelled,NOT CANCELLED,Not Diverted,172,160.0,1:03,20:06,8:21,2:00,25:58:00
2023-04-29,AMERICAN AIRLINES INC.,"NEW YORK, NY","NASHVILLE, TN",19:25,19:16,-9.0,20:55,20:42,-13,Not Cancelled,NOT CANCELLED,Not Diverted,150,146.0,27:55:00,6:50,0:07,1:11,8:49
2022-08-15,AMERICAN AIRLINES INC.,"WASHINGTON, DC","CHARLOTTE, NC",15:30,15:27,-3.0,16:59,16:55,-4,Not Cancelled,NOT CANCELLED,Not Diverted,89,88.0,5:02,20:01,2:28,2:47,7:21
2019-03-23,SOUTHWEST AIRLINES CO.,"CHICAGO, IL","LOS ANGELES, CA",16:00,16:25,25.0,18:35,18:36,1,Not Cancelled,NOT CANCELLED,Not Diverted,275,251.0,37:06:00,7:53,14:07,3:59,11:01
2022-12-28,DELTA AIR LINES INC.,"RALEIGH/DURHAM, NC","ATLANTA, GA",6:00,6:00,0.0,7:36,7:37,1,Not Cancelled,NOT CANCELLED,Not Diverted,96,97.0,3:40,9:09,2:26,2:37,25:08:00
2022-03-02,MESA AIRLINES INC.,"SANTA ROSA, CA","PHOENIX, AZ",12:37,12:28,-9.0,15:35,15:33,-2,Not Cancelled,NOT CANCELLED,Not Diverted,118,125.0,38:31:00,3:08,7:02,0:08,10:00
2020-04-13,SOUTHWEST AIRLINES CO.,"KONA, HI","KAHULUI, HI",15:45,13:24,-2.0,16:30,15:06,-7,Cancelled,SECURITY,Not Diverted,45,120.0,30:17:00,13:27,2:02,3:40,12:28
2023-04-24,SPIRIT AIR LINES,"LAS VEGAS, NV","HOUSTON, TX",17:45,18:00,15.0,22:45,22:58,13,Not Cancelled,NOT CANCELLED,Not Diverted,180,178.0,33:18:00,9:54,1:36,4:50,6:01
2019-12-04,ALASKA AIRLINES INC.,"SEATTLE, WA","SACRAMENTO, CA",21:40,21:43,3.0,23:32,23:36,4,Not Cancelled,NOT CANCELLED,Not Diverted,112,113.0,18:17,11:05,1:51,1:18,9:22
2022-09-05,SOUTHWEST AIRLINES CO.,"DALLAS, TX","EL PASO, TX",22:40,23:07,27.0,23:20,23:36,16,Not Cancelled,NOT CANCELLED,Not Diverted,100,89.0,0:02,0:40,0:48,1:48,0:14
2019-03-14,UNITED AIR LINES INC.,"DALLAS/FORT WORTH, TX","CHICAGO, IL",17:40,17:36,-4.0,20:08,20:18,10,Not Cancelled,NOT CANCELLED,Not Diverted,148,162.0,44:07:00,4:05,4:27,4:19,24:59:00
2020-09-11,AMERICAN AIRLINES INC.,"WASHINGTON, DC","NEW YORK, NY",10:00,9:46,-14.0,11:15,10:39,-36,Not Cancelled,NOT CANCELLED,Not Diverted,75,53.0,19:12,1:59,1:46,4:41,26:23:00
2021-04-24,SKYWEST AIRLINES INC.,"SALT LAKE CITY, UT","OAKLAND, CA",15:45,15:42,-3.0,16:40,16:46,6,Not Cancelled,NOT CANCELLED,Not Diverted,115,124.0,31:03:00,2:40,0:28,1:01,25:04:00
2020-06-26,ALASKA AIRLINES INC.,"JUNEAU, AK","GUSTAVUS, AK",17:35,17:19,-16.0,18:06,17:47,-19,Not Cancelled,NOT CANCELLED,Not Diverted,31,28.0,24:56:00,6:11,0:32,0:58,19:18
2021-11-15,JETBLUE AIRWAYS,"AUSTIN, TX","LOS ANGELES, CA",13:00,13:05,5.0,14:19,14:04,-15,Not Cancelled,NOT CANCELLED,Not Diverted,199,179.0,4:36,15:35,3:35,3:49,15:23
2020-07-27,SOUTHWEST AIRLINES CO.,"LOS ANGELES, CA","LAS VEGAS, NV",17:20,17:14,-6.0,18:30,18:10,-20,Not Cancelled,NOT CANCELLED,Not Diverted,70,56.0,27:09:00,20:22,14:13,0:52,15:24
2021-11-08,SKYWEST AIRLINES INC.,"SAN FRANCISCO, CA","LOS ANGELES, CA",8:36,8:28,-8.0,10:09,9:56,-13,Not Cancelled,NOT CANCELLED,Not Diverted,93,88.0,15:46,14:50,11:43,0:22,24:31:00
2022-11-26,DELTA AIR LINES INC.,"SAN FRANCISCO, CA","LOS ANGELES, CA",11:00,10:53,-7.0,12:30,12:07,-23,Not Cancelled,NOT CANCELLED,Not Diverted,90,74.0,32:34:00,0:32,5:19,0:18,4:35
2020-07-14,MESA AIRLINES INC.,"HOUSTON, TX","ST. LOUIS, MO",10:00,12:01,121.0,12:04,14:01,117,Not Cancelled,NOT CANCELLED,Not Diverted,124,120.0,1:57,3:49,11:01,2:49,18:56
2021-11-20,SOUTHWEST AIRLINES CO.,"ATLANTA, GA","ORLANDO, FL",6:10,6:06,-4.0,7:40,7:34,-6,Not Cancelled,NOT CANCELLED,Not Diverted,90,88.0,37:59:00,14:17,0:45,2:00,23:27
2022-07-14,ENVOY AIR,"MIAMI, FL","ASHEVILLE, NC",9:19,9:10,-9.0,11:25,11:06,-19,Not Cancelled,NOT CANCELLED,Not Diverted,126,116.0,0:43,0:20,9:15,4:44,5:48
2023-03-27,SKYWEST AIRLINES INC.,"GRAND RAPIDS, MI","MINNEAPOLIS, MN",14:00,13:53,-7.0,14:43,14:19,-24,Not Cancelled,NOT CANCELLED,Not Diverted,103,86.0,0:03,9:04,10:24,0:40,21:50
2022-01-01,AMERICAN AIRLINES INC.,"PHILADELPHIA, PA","WEST PALM BEACH/PALM BEACH, FL",13:45,13:43,-2.0,16:33,16:19,-14,Not Cancelled,NOT CANCELLED,Not Diverted,168,156.0,25:15:00,19:48,1:40,1:57,15:40
2022-05-07,ENDEAVOR AIR INC.,"ATLANTA, GA","FAYETTEVILLE, NC",15:15,15:14,-1.0,16:33,16:28,-5,Not Cancelled,NOT CANCELLED,Not Diverted,78,74.0,2:21,2:30,5:35,3:35,26:27:00
2022-04-17,SKYWEST AIRLINES INC.,"JAMESTOWN, ND","DENVER, CO",6:40,6:30,-10.0,7:39,7:23,-16,Not Cancelled,NOT CANCELLED,Not Diverted,119,113.0,11:31,8:57,0:22,1:26,5:22
2020-03-09,ALLEGIANT AIR,"LAS VEGAS, NV","RENO, NV",13:12,13:16,4.0,14:33,14:35,2,Not Cancelled,NOT CANCELLED,Not Diverted,81,79.0,15:52,9:46,13:34,3:19,11:24
2021-03-14,SOUTHWEST AIRLINES CO.,"LAS VEGAS, NV","ONTARIO, CA",21:35,21:56,21.0,22:30,22:47,17,Not Cancelled,NOT CANCELLED,Not Diverted,55,51.0,0:06,10:05,7:54,3:20,0:11
2023-04-05,PSA AIRLINES INC.,"DAYTON, OH","CHARLOTTE, NC",17:25,17:21,-4.0,19:00,19:01,1,Not Cancelled,NOT CANCELLED,Not Diverted,95,100.0,42:07:00,15:08,11:20,3:39,21:08
2022-10-19,SOUTHWEST AIRLINES CO.,"BURBANK, CA","DENVER, CO",16:10,16:17,7.0,19:25,19:21,-4,Not Cancelled,NOT CANCELLED,Not Diverted,135,124.0,33:42:00,13:41,12:06,1:21,26:54:00
2021-12-06,ALASKA AIRLINES INC.,"SITKA, AK","JUNEAU, AK",6:00,6:01,1.0,6:38,6:38,0,Not Cancelled,NOT CANCELLED,Not Diverted,38,37.0,22:49,12:51,9:52,0:20,15:03
2022-01-20,REPUBLIC AIRLINE,"KANSAS CITY, MO","NEW YORK, NY",13:23,13:33,10.0,16:59,17:11,12,Not Cancelled,NOT CANCELLED,Not Diverted,156,158.0,41:18:00,20:07,10:18,1:53,25:32:00
2020-03-12,SOUTHWEST AIRLINES CO.,"KANSAS CITY, MO","DENVER, CO",22:30,22:22,-8.0,23:15,23:13,-2,Not Cancelled,NOT CANCELLED,Not Diverted,105,111.0,25:28:00,8:36,3:01,3:03,16:32
2023-05-14,SKYWEST AIRLINES INC.,"CHICAGO, IL","WICHITA, KS",13:00,12:52,-8.0,15:05,16:32,-7,Not Cancelled,NOT CANCELLED,Diverted,125,120.0,25:05:00,20:07,5:57,1:17,18:41
2023-08-16,AMERICAN AIRLINES INC.,"PHILADELPHIA, PA","HOUSTON, TX",9:05,9:01,-4.0,11:47,11:23,-24,Not Cancelled,NOT CANCELLED,Not Diverted,222,202.0,21:41,5:21,8:27,4:35,20:37
2020-03-04,DELTA AIR LINES INC.,"ATLANTA, GA","ROCHESTER, NY",9:20,9:46,26.0,11:24,11:35,11,Not Cancelled,NOT CANCELLED,Not Diverted,124,109.0,3:04,9:42,1:57,4:44,25:21:00
2022-07-07,UNITED AIR LINES INC.,"HOUSTON, TX","LOS ANGELES, CA",21:53,21:53,0.0,23:23,23:23,0,Not Cancelled,NOT CANCELLED,Not Diverted,210,210.0,24:27:00,13:43,0:07,0:01,7:41
2022-03-27,SOUTHWEST AIRLINES CO.,"DALLAS, TX","COLORADO SPRINGS, CO",8:20,8:18,-2.0,9:25,9:13,-12,Not Cancelled,NOT CANCELLED,Not Diverted,125,115.0,38:56:00,1:14,14:03,3:15,25:14:00
2021-01-28,REPUBLIC AIRLINE,"FORT MYERS, FL",UNKNOWN,12:01,11:51,-10.0,14:25,14:05,-20,Not Cancelled,NOT CANCELLED,Not Diverted,144,134.0,31:51:00,22:21,4:10,0:20,26:06:00
2021-08-11,JETBLUE AIRWAYS,"SAN FRANCISCO, CA","FORT LAUDERDALE, FL",21:49,21:48,-1.0,6:31,6:17,-14,Not Cancelled,NOT CANCELLED,Not Diverted,342,329.0,32:45:00,7:18,14:33,3:13,3:14
2023-04-10,AMERICAN AIRLINES INC.,"SAN DIEGO, CA","PHOENIX, AZ",12:45,12:48,3.0,14:05,14:11,6,Not Cancelled,NOT CANCELLED,Not Diverted,80,83.0,40:18:00,14:17,7:11,4:24,19:00
2021-11-17,DELTA AIR LINES INC.,"DETROIT, MI","LAS VEGAS, NV",18:29,18:23,-6.0,20:00,19:46,-14,Not Cancelled,NOT CANCELLED,Not Diverted,271,263.0,6:19,13:13,2:39,4:29,4:06
2019-05-25,SOUTHWEST AIRLINES CO.,"PHOENIX, AZ","DENVER, CO",14:45,14:55,10.0,17:25,17:21,-4,Not Cancelled,NOT CANCELLED,Not Diverted,100,86.0,40:15:00,21:38,7:22,0:11,7:47
2020-10-14,SOUTHWEST AIRLINES CO.,"WASHINGTON, DC","CHICAGO, IL",14:00,13:58,-2.0,15:00,14:45,-15,Not Cancelled,NOT CANCELLED,Not Diverted,120,107.0,42:56:00,3:39,11:39,0:17,23:28
2019-08-26,SKYWEST AIRLINES INC.,"DAYTON, OH","MINNEAPOLIS, MN",7:00,7:00,0.0,8:10,8:14,4,Not Cancelled,NOT CANCELLED,Not Diverted,130,134.0,14:42,20:14,13:44,1:21,23:07
2022-11-28,AMERICAN AIRLINES INC.,"HARRISBURG, PA","DALLAS/FORT WORTH, TX",6:15,6:18,3.0,8:53,8:58,5,Not Cancelled,NOT CANCELLED,Not Diverted,218,220.0,46:56:00,13:49,13:51,4:56,17:04
2020-09-06,SKYWEST AIRLINES INC.,"DAYTON, OH","DETROIT, MI",11:45,11:41,-4.0,12:47,12:32,-15,Not Cancelled,NOT CANCELLED,Not Diverted,62,51.0,3:16,0:34,10:36,3:10,24:56:00
2019-05-06,ENDEAVOR AIR INC.,"MOLINE, IL","ATLANTA, GA",11:35,11:17,-18.0,14:31,14:00,-31,Not Cancelled,NOT CANCELLED,Not Diverted,116,103.0,44:02:00,22:13,6:38,0:39,10:17
2021-09-14,SOUTHWEST AIRLINES CO.,"OAKLAND, CA","PALM SPRINGS, CA",18:45,18:37,-8.0,20:15,20:03,-12,Not Cancelled,NOT CANCELLED,Not Diverted,90,86.0,22:59,11:37,2:25,4:01,7:01
2020-06-29,DELTA AIR LINES INC.,"DENVER, CO","DETROIT, MI",14:50,14:44,-6.0,19:30,19:25,-5,Not Cancelled,NOT CANCELLED,Not Diverted,160,161.0,48:14:00,6:41,13:20,0:45,27:35:00
2022-06-29,DELTA AIR LINES INC.,"DENVER, CO","NEW YORK, NY",6:10,6:10,0.0,12:05,11:55,-10,Not Cancelled,NOT CANCELLED,Not Diverted,235,225.0,17:15,0:24,11:47,3:43,11:18
2022-08-20,ENVOY AIR,"DALLAS/FORT WORTH, TX","MONTEREY, CA",19:00,18:55,-5.0,20:46,20:41,-5,Not Cancelled,NOT CANCELLED,Not Diverted,226,226.0,16:07,8:46,12:52,3:22,5:00
2021-07-09,UNITED AIR LINES INC.,"MINNEAPOLIS, MN","CHICAGO, IL",8:15,8:12,-3.0,9:43,9:35,-8,Not Cancelled,NOT CANCELLED,Not Diverted,88,83.0,30:09:00,2:16,9:26,4:26,0:33
2020-03-03,SKYWEST AIRLINES INC.,"DENVER, CO","ASPEN, CO",15:41,15:34,-7.0,16:43,16:30,-13,Not Cancelled,NOT CANCELLED,Not Diverted,62,56.0,20:13,21:32,13:28,2:26,11:44
2021-04-11,PSA AIRLINES INC.,"WASHINGTON, DC","CHARLOTTE, NC",6:13,6:06,-7.0,7:55,7:32,-23,Not Cancelled,NOT CANCELLED,Not Diverted,102,86.0,37:35:00,19:21,7:20,1:16,0:38
2021-07-03,ENVOY AIR,"CHICAGO, IL","ALLENTOWN/BETHLEHEM/EASTON, PA",13:20,13:15,-5.0,16:23,16:10,-13,Not Cancelled,NOT CANCELLED,Not Diverted,123,115.0,38:19:00,15:18,9:11,0:25,27:25:00
2021-08-24,REPUBLIC AIRLINE,"NEW YORK, NY","WASHINGTON, DC",19:40,19:35,-5.0,21:06,20:28,-38,Not Cancelled,NOT CANCELLED,Not Diverted,86,53.0,16:19,11:49,8:55,2:51,4:01
2022-07-14,ALASKA AIRLINES INC.,"PORTLAND, OR","LOS ANGELES, CA",6:00,6:06,6.0,8:28,8:35,7,Not Cancelled,NOT CANCELLED,Not Diverted,148,149.0,5:37,19:49,4:18,3:54,8:19
2022-04-02,SPIRIT AIR LINES,"FORT MYERS, FL","CHICAGO, IL",8:00,7:55,-5.0,10:02,9:57,-5,Not Cancelled,NOT CANCELLED,Not Diverted,182,182.0,2:28,2:17,10:48,0:51,9:29
2021-09-25,SKYWEST AIRLINES INC.,"NORTH PLATTE, NE","DENVER, CO",7:03,6:53,-10.0,7:10,7:09,-1,Not Cancelled,NOT CANCELLED,Not Diverted,67,76.0,35:03:00,19:05,2:32,1:41,21:27
2019-09-15,DELTA AIR LINES INC.,"ATLANTA, GA","CINCINNATI, OH",8:55,8:52,-3.0,10:14,10:09,-5,Not Cancelled,NOT CANCELLED,Not Diverted,79,77.0,28:07:00,8:49,11:36,4:23,23:10
2019-02-10,DELTA AIR LINES INC.,"RALEIGH/DURHAM, NC","ATLANTA, GA",9:50,9:47,-3.0,11:20,11:28,8,Not Cancelled,NOT CANCELLED,Not Diverted,90,101.0,36:47:00,8:28,5:13,4:57,21:08
2019-08-16,ENDEAVOR AIR INC.,"MILWAUKEE, WI","NEW YORK, NY",13:37,13:37,0.0,16:50,16:43,-7,Not Cancelled,NOT CANCELLED,Not Diverted,133,126.0,40:40:00,4:54,4:20,3:13,17:44
2022-07-08,AMERICAN AIRLINES INC.,"DALLAS/FORT WORTH, TX","BALTIMORE, MD",14:29,16:27,118.0,18:30,20:16,106,Not Cancelled,NOT CANCELLED,Not Diverted,181,169.0,0:47,21:14,13:01,4:11,0:59
2019-02-12,DELTA AIR LINES INC.,"WASHINGTON, DC","ATLANTA, GA",9:50,9:43,-7.0,11:42,11:28,-14,Not Cancelled,NOT CANCELLED,Not Diverted,112,105.0,38:02:00,14:01,4:41,0:31,1:18
2022-07-23,DELTA AIR LINES INC.,"MINNEAPOLIS, MN","FORT MYERS, FL",12:39,12:41,2.0,16:54,17:06,12,Not Cancelled,NOT CANCELLED,Not Diverted,195,205.0,35:39:00,2:55,9:06,2:29,10:31
2019-02-22,SKYWEST AIRLINES INC.,"MILWAUKEE, WI","HOUSTON, TX",8:00,8:24,24.0,11:11,12:35,-7,Not Cancelled,NOT CANCELLED,Diverted,191,120.0,35:42:00,3:33,12:04,3:42,14:05
2022-08-24,JETBLUE AIRWAYS,"BOSTON, MA","RALEIGH/DURHAM, NC",19:30,21:01,91.0,21:35,23:01,86,Not Cancelled,NOT CANCELLED,Not Diverted,125,120.0,0:26,0:30,9:46,1:43,1:00
2020-07-29,ENDEAVOR AIR INC.,"MINNEAPOLIS, MN","RAPID CITY, SD",8:16,8:12,-4.0,9:01,8:33,-28,Not Cancelled,NOT CANCELLED,Not Diverted,105,81.0,1:42,6:45,10:20,3:33,0:41
2021-04-08,SOUTHWEST AIRLINES CO.,"DALLAS, TX","SACRAMENTO, CA",20:30,20:57,27.0,22:20,22:32,12,Not Cancelled,NOT CANCELLED,Not Diverted,230,215.0,10:14,20:57,9:54,2:09,20:08
2020-10-14,ALASKA AIRLINES INC.,"PHOENIX, AZ","SEATTLE, WA",8:20,8:12,-8.0,11:25,11:30,5,Not Cancelled,NOT CANCELLED,Not Diverted,185,198.0,8:22,5:02,2:01,0:41,25:59:00
2021-04-10,PSA AIRLINES INC.,"COLUMBIA, SC","CHARLOTTE, NC",7:01,6:58,-3.0,8:16,7:56,-20,Not Cancelled,NOT CANCELLED,Not Diverted,75,58.0,35:23:00,11:28,13:05,2:25,22:18
2022-11-12,SKYWEST AIRLINES INC.,"MINNEAPOLIS, MN","DULUTH, MN",21:20,21:35,15.0,22:19,22:52,33,Not Cancelled,NOT CANCELLED,Not Diverted,59,77.0,0:33,16:47,10:39,1:11,13:40
2023-06-11,AMERICAN AIRLINES INC.,"WEST PALM BEACH/PALM BEACH, FL","CHARLOTTE, NC",13:49,13:43,-6.0,15:48,18:15,-7,Not Cancelled,NOT CANCELLED,Diverted,119,120.0,3:03,22:28,10:55,3:39,12:25
2019-10-03,SPIRIT AIR LINES,"ATLANTA, GA","FORT LAUDERDALE, FL",10:05,10:05,0.0,12:03,11:58,-5,Not Cancelled,NOT CANCELLED,Not Diverted,118,113.0,48:19:00,20:42,13:21,0:36,13:36
2020-11-23,DELTA AIR LINES INC.,"CHARLESTON, SC","ATLANTA, GA",6:00,5:58,-2.0,7:08,6:54,-14,Not Cancelled,NOT CANCELLED,Not Diverted,68,56.0,16:14,12:07,11:44,2:58,2:33
2019-05-27,REPUBLIC AIRLINE,"HOUSTON, TX","ST. LOUIS, MO",18:30,18:19,-11.0,20:32,20:22,-10,Not Cancelled,NOT CANCELLED,Not Diverted,122,123.0,39:54:00,4:22,2:12,0:15,16:33
2023-06-27,SOUTHWEST AIRLINES CO.,"DALLAS, TX","PHOENIX, AZ",9:50,9:55,5.0,10:20,10:22,2,Not Cancelled,NOT CANCELLED,Not Diverted,150,147.0,13:04,4:00,8:55,1:24,28:01:00
2020-03-23,SOUTHWEST AIRLINES CO.,"HOUSTON, TX","NASHVILLE, TN",22:25,22:15,-10.0,0:15,23:53,-22,Not Cancelled,NOT CANCELLED,Not Diverted,110,98.0,10:34,10:25,13:26,0:55,0:50
2022-11-15,AMERICAN AIRLINES INC.,"SAN JUAN, PR","DALLAS/FORT WORTH, TX",16:06,16:22,16.0,19:29,19:32,3,Not Cancelled,NOT CANCELLED,Not Diverted,323,310.0,47:59:00,12:47,3:54,0:21,19:44
2019-09-27,ALASKA AIRLINES INC.,"LIHUE, HI","SEATTLE, WA",21:50,21:50,0.0,6:45,6:46,1,Not Cancelled,NOT CANCELLED,Not Diverted,355,356.0,9:09,18:10,12:05,4:51,13:15
2019-09-25,UNITED AIR LINES INC.,"CHICAGO, IL","LAS VEGAS, NV",13:04,12:56,-8.0,15:02,14:37,-25,Not Cancelled,NOT CANCELLED,Not Diverted,238,221.0,12:46,18:44,3:13,4:28,22:15
2022-09-01,SOUTHWEST AIRLINES CO.,"BALTIMORE, MD","PHOENIX, AZ",6:20,6:19,-1.0,8:05,7:57,-8,Not Cancelled,NOT CANCELLED,Not Diverted,285,278.0,45:15:00,21:56,1:21,4:36,18:29
2021-10-13,DELTA AIR LINES INC.,"ATLANTA, GA","WASHINGTON, DC",14:31,14:37,6.0,16:10,16:10,0,Not Cancelled,NOT CANCELLED,Not Diverted,99,93.0,20:28,23:01,8:35,1:19,15:30
2023-05-03,SOUTHWEST AIRLINES CO.,"BOISE, ID","SAN JOSE, CA",16:10,16:04,-6.0,16:50,16:35,-15,Not Cancelled,NOT CANCELLED,Not Diverted,100,91.0,18:53,21:16,14:36,4:27,6:19
2019-09-12,ENVOY AIR,"MIAMI, FL","GAINESVILLE, FL",21:51,21:46,-5.0,23:08,23:01,-7,Not Cancelled,NOT CANCELLED,Not Diverted,77,75.0,33:55:00,5:57,13:09,1:51,3:14
2022-06-20,SKYWEST AIRLINES INC.,"COLUMBUS, OH","DETROIT, MI",10:21,10:19,-2.0,11:23,11:23,0,Not Cancelled,NOT CANCELLED,Not Diverted,62,64.0,17:41,5:30,14:28,0:11,26:59:00
2020-08-05,AMERICAN AIRLINES INC.,"DALLAS/FORT WORTH, TX","PHOENIX, AZ",14:30,14:24,-6.0,14:54,14:45,-9,Not Cancelled,NOT CANCELLED,Not Diverted,144,141.0,30:25:00,15:51,6:05,3:31,20:24
2019-07-31,SKYWEST AIRLINES INC.,"DENVER, CO","MEMPHIS, TN",20:22,22:05,103.0,23:58,1:46,108,Not Cancelled,NOT CANCELLED,Not Diverted,156,161.0,42:07:00,1:43,0:05,3:47,2:51
2020-03-14,AMERICAN AIRLINES INC.,"KANSAS CITY, MO","PHOENIX, AZ",18:22,18:11,-11.0,19:14,19:07,-7,Not Cancelled,NOT CANCELLED,Not Diverted,172,176.0,31:59:00,7:44,2:43,0:46,28:12:00
2019-10-05,SKYWEST AIRLINES INC.,"DETROIT, MI","HOUSTON, TX",15:10,15:05,-5.0,17:18,16:53,-25,Not Cancelled,NOT CANCELLED,Not Diverted,188,168.0,30:57:00,17:07,11:16,1:13,9:54
2022-11-08,ALASKA AIRLINES INC.,"HONOLULU, HI","SAN FRANCISCO, CA",11:40,11:47,7.0,18:54,18:49,-5,Not Cancelled,NOT CANCELLED,Not Diverted,314,302.0,37:02:00,15:41,12:09,2:09,23:23
2022-12-10,SOUTHWEST AIRLINES CO.,"JACKSONVILLE, FL","CHICAGO, IL",18:30,18:34,4.0,20:05,20:05,0,Not Cancelled,NOT CANCELLED,Not Diverted,155,151.0,3:11,11:05,12:44,1:01,22:26
2021-03-17,UNITED AIR LINES INC.,"NEWARK, NJ","WEST PALM BEACH/PALM BEACH, FL",10:40,10:32,-8.0,13:41,13:20,-21,Not Cancelled,NOT CANCELLED,Not Diverted,181,168.0,27:45:00,9:54,6:10,2:44,4:22
2019-11-07,SKYWEST AIRLINES INC.,"FAYETTEVILLE, AR","HOUSTON, TX",7:00,6:57,-3.0,8:55,8:48,-7,Not Cancelled,NOT CANCELLED,Not Diverted,115,111.0,11:00,2:03,4:39,2:58,1:09
2021-12-28,SKYWEST AIRLINES INC.,"PORTLAND, OR","LOS ANGELES, CA",9:55,13:03,188.0,12:05,15:11,186,Not Cancelled,NOT CANCELLED,Not Diverted,130,128.0,3:06,6:44,1:20,4:42,8:18
2022-08-05,SOUTHWEST AIRLINES CO.,"OAKLAND, CA","SEATTLE, WA",16:05,16:35,30.0,18:05,18:24,19,Not Cancelled,NOT CANCELLED,Not Diverted,120,109.0,0:16,1:51,2:26,0:26,0:03
2019-06-14,SOUTHWEST AIRLINES CO.,"HOUSTON, TX","DENVER, CO",12:45,13:51,66.0,14:15,18:12,-7,Not Cancelled,NOT CANCELLED,Diverted,150,120.0,4:53,11:52,11:21,3:09,27:09:00
2019-11-16,ALASKA AIRLINES INC.,"SAN JOSE, CA","LIHUE, HI",8:15,8:08,-7.0,12:15,11:55,-20,Not Cancelled,NOT CANCELLED,Not Diverted,360,347.0,19:33,19:03,2:31,3:46,12:28
2021-08-07,SKYWEST AIRLINES INC.,"DENVER, CO","GREAT FALLS, MT",15:41,15:39,-2.0,17:32,17:42,10,Not Cancelled,NOT CANCELLED,Not Diverted,111,123.0,30:38:00,0:18,1:24,2:16,6:29
2019-11-21,AMERICAN AIRLINES INC.,"PHILADELPHIA, PA","PHOENIX, AZ",7:00,6:58,-2.0,10:27,10:21,-6,Not Cancelled,NOT CANCELLED,Not Diverted,327,323.0,35:32:00,2:54,7:39,2:25,22:23
2023-08-13,AMERICAN AIRLINES INC.,"DALLAS/FORT WORTH, TX","AUSTIN, TX",13:30,13:23,-7.0,14:32,14:16,-16,Not Cancelled,NOT CANCELLED,Not Diverted,62,53.0,13:51,8:14,0:29,3:13,18:16
2021-05-19,HORIZON AIR,"DALLAS, TX","LOS ANGELES, CA",17:05,17:38,33.0,18:40,18:58,18,Not Cancelled,NOT CANCELLED,Not Diverted,215,200.0,5:35,5:33,4:54,2:03,0:18
2019-10-16,SKYWEST AIRLINES INC.,"SANTA ROSA, CA","SAN FRANCISCO, CA",5:55,5:50,-5.0,6:45,6:26,-19,Not Cancelled,NOT CANCELLED,Not Diverted,50,36.0,10:25,21:45,11:31,4:10,6:09
2021-04-18,SKYWEST AIRLINES INC.,"PHOENIX, AZ","BAKERSFIELD, CA",8:10,8:03,-7.0,9:53,9:39,-14,Not Cancelled,NOT CANCELLED,Not Diverted,103,96.0,6:14,4:48,13:53,2:31,18:02
2023-03-26,AMERICAN AIRLINES INC.,"ATLANTA, GA","DALLAS/FORT WORTH, TX",6:00,5:54,-6.0,7:32,7:10,-22,Not Cancelled,NOT CANCELLED,Not Diverted,152,136.0,18:13,13:10,3:29,0:49,5:46
2020-11-29,AMERICAN AIRLINES INC.,"PHILADELPHIA, PA","DALLAS/FORT WORTH, TX",7:00,7:00,0.0,9:55,10:08,13,Not Cancelled,NOT CANCELLED,Not Diverted,235,248.0,14:59,10:22,10:33,2:47,17:49
2019-11-24,DELTA AIR LINES INC.,"LAS VEGAS, NV","SEATTLE, WA",7:30,7:25,-5.0,10:16,10:15,-1,Not Cancelled,NOT CANCELLED,Not Diverted,166,170.0,8:56,21:31,11:45,4:42,11:45
2021-02-19,SOUTHWEST AIRLINES CO.,"TULSA, OK","HOUSTON, TX",7:05,7:09,4.0,8:45,8:40,-5,Not Cancelled,NOT CANCELLED,Not Diverted,100,91.0,9:29,8:34,2:44,3:27,23:54
2020-12-21,SKYWEST AIRLINES INC.,"SCOTTSBLUFF, NE","DENVER, CO",6:00,5:55,-5.0,7:07,6:57,-10,Not Cancelled,NOT CANCELLED,Not Diverted,67,62.0,9:40,20:56,7:34,1:34,8:27
2020-12-23,MESA AIRLINES INC.,"DES MOINES, IA","PHOENIX, AZ",15:54,15:51,-3.0,18:09,18:01,-8,Not Cancelled,NOT CANCELLED,Not Diverted,195,190.0,6:35,8:05,7:21,2:25,23:37
2020-04-01,JETBLUE AIRWAYS,"FORT LAUDERDALE, FL","RALEIGH/DURHAM, NC",20:10,13:24,-2.0,22:16,15:06,-7,Cancelled,SECURITY,Not Diverted,126,120.0,18:48,7:24,11:44,1:16,1:29
2021-09-22,MESA AIRLINES INC.,"CEDAR RAPIDS/IOWA CITY, IA","PHOENIX, AZ",17:07,18:13,66.0,18:30,19:20,50,Not Cancelled,NOT CANCELLED,Not Diverted,203,187.0,0:06,5:49,3:05,0:47,0:44
2020-11-17,DELTA AIR LINES INC.,"SALT LAKE CITY, UT","MISSOULA, MT",22:21,22:05,-16.0,23:46,23:21,-25,Not Cancelled,NOT CANCELLED,Not Diverted,85,76.0,8:51,13:18,7:30,0:05,26:15:00
2022-10-18,ENDEAVOR AIR INC.,"CLEVELAND, OH","BOSTON, MA",11:54,11:48,-6.0,13:42,13:23,-19,Not Cancelled,NOT CANCELLED,Not Diverted,108,95.0,47:07:00,9:29,14:10,2:05,26:44:00
2021-09-13,SOUTHWEST AIRLINES CO.,"LAS VEGAS, NV","OAKLAND, CA",6:45,6:45,0.0,8:15,8:12,-3,Not Cancelled,NOT CANCELLED,Not Diverted,90,87.0,12:39,5:10,2:42,3:18,20:53
2021-07-20,SOUTHWEST AIRLINES CO.,"ST. LOUIS, MO","PHILADELPHIA, PA",13:20,13:22,2.0,16:35,16:22,-13,Not Cancelled,NOT CANCELLED,Not Diverted,135,120.0,4:03,13:46,13:01,1:23,16:02
2020-09-17,REPUBLIC AIRLINE,"MINNEAPOLIS, MN","NEWARK, NJ",9:40,9:33,-7.0,13:22,12:57,-25,Not Cancelled,NOT CANCELLED,Not Diverted,162,144.0,11:41,5:16,6:31,3:24,24:26:00
2020-01-06,SOUTHWEST AIRLINES CO.,"CLEVELAND, OH","DENVER, CO",10:50,10:42,-8.0,12:20,12:02,-18,Not Cancelled,NOT CANCELLED,Not Diverted,210,200.0,11:00,15:42,0:17,0:15,1:36
2019-11-22,JETBLUE AIRWAYS,"NEW YORK, NY","HOUSTON, TX",13:06,12:57,-9.0,16:16,15:58,-18,Not Cancelled,NOT CANCELLED,Not Diverted,250,241.0,28:42:00,21:36,9:08,4:36,6:32
2019-12-27,MESA AIRLINES INC.,"OKLAHOMA CITY, OK","HOUSTON, TX",5:07,5:01,-6.0,6:45,6:39,-6,Not Cancelled,NOT CANCELLED,Not Diverted,98,98.0,45:49:00,19:17,8:48,1:47,18:01
2022-07-19,SOUTHWEST AIRLINES CO.,"PALM SPRINGS, CA","DENVER, CO",13:20,13:12,-8.0,16:25,16:33,8,Not Cancelled,NOT CANCELLED,Not Diverted,125,141.0,9:47,6:31,3:15,2:20,11:44
2019-09-23,ALASKA AIRLINES INC.,"SEATTLE, WA","DALLAS/FORT WORTH, TX",23:25,23:23,-2.0,5:10,4:51,-19,Not Cancelled,NOT CANCELLED,Not Diverted,225,208.0,42:52:00,6:51,5:31,4:16,3:34
2023-08-25,ALASKA AIRLINES INC.,"SEATTLE, WA","KAHULUI, HI",11:50,11:37,-13.0,15:05,14:41,-24,Not Cancelled,NOT CANCELLED,Not Diverted,375,364.0,47:38:00,9:33,9:24,2:28,13:17
2021-03-17,UNITED AIR LINES INC.,"DENVER, CO","KALISPELL, MT",11:35,11:42,7.0,13:47,13:44,-3,Not Cancelled,NOT CANCELLED,Not Diverted,132,122.0,31:55:00,2:57,13:47,3:22,19:08
2019-01-06,SOUTHWEST AIRLINES CO.,"FORT LAUDERDALE, FL","TAMPA, FL",20:35,21:58,83.0,21:35,22:59,84,Not Cancelled,NOT CANCELLED,Not Diverted,60,61.0,0:17,19:23,0:01,4:44,1:06
2020-03-23,REPUBLIC AIRLINE,"NEW YORK, NY","BUFFALO, NY",15:47,15:51,4.0,17:20,17:11,-9,Not Cancelled,NOT CANCELLED,Not Diverted,93,80.0,15:51,4:13,12:56,4:58,2:58
2019-12-23,SKYWEST AIRLINES INC.,"DENVER, CO","HAYDEN, CO",19:35,19:30,-5.0,20:43,20:24,-19,Not Cancelled,NOT CANCELLED,Not Diverted,68,54.0,23:32,14:56,5:03,3:52,9:42
2023-05-01,DELTA AIR LINES INC.,"MADISON, WI","DETROIT, MI",7:00,6:54,-6.0,9:16,8:57,-19,Not Cancelled,NOT CANCELLED,Not Diverted,76,63.0,36:55:00,1:42,0:00,4:37,20:02
2021-04-02,SOUTHWEST AIRLINES CO.,"MEMPHIS, TN","CHICAGO, IL",18:35,18:32,-3.0,20:05,20:08,3,Not Cancelled,NOT CANCELLED,Not Diverted,90,96.0,5:07,1:50,2:30,2:56,24:57:00
2019-06-28,UNITED AIR LINES INC.,"SACRAMENTO, CA","CHICAGO, IL",13:55,15:01,66.0,20:03,20:53,50,Not Cancelled,NOT CANCELLED,Not Diverted,248,232.0,0:05,16:39,10:31,3:32,0:45
2019-05-02,ALASKA AIRLINES INC.,"ONTARIO, CA","SEATTLE, WA",17:00,17:05,5.0,19:50,19:44,-6,Not Cancelled,NOT CANCELLED,Not Diverted,170,159.0,30:52:00,14:36,3:03,1:34,5:37
2022-11-22,UNKNOWN,"ATLANTA, GA","PHILADELPHIA, PA",18:55,18:52,-3.0,20:53,20:31,-22,Not Cancelled,NOT CANCELLED,Not Diverted,118,99.0,26:06:00,22:20,14:34,0:29,8:57
2021-10-04,ALASKA AIRLINES INC.,"KOTZEBUE, AK","ANCHORAGE, AK",11:45,11:32,-13.0,13:10,12:54,-16,Not Cancelled,NOT CANCELLED,Not Diverted,85,82.0,48:32:00,10:10,11:30,3:00,25:26:00
2022-01-19,UNITED AIR LINES INC.,"DENVER, CO","NEW YORK, NY",15:40,16:10,30.0,21:17,21:51,34,Not Cancelled,NOT CANCELLED,Not Diverted,217,221.0,0:06,21:46,0:04,0:13,0:24
2022-09-11,DELTA AIR LINES INC.,"LOS ANGELES, CA","NEW YORK, NY",23:58,0:12,14.0,8:30,8:32,2,Not Cancelled,NOT CANCELLED,Not Diverted,332,320.0,11:37,6:04,14:45,1:19,18:12
2022-09-11,SKYWEST AIRLINES INC.,"CHICAGO, IL","ROCHESTER, NY",14:13,14:35,22.0,17:04,17:48,44,Not Cancelled,NOT CANCELLED,Not Diverted,111,133.0,0:44,21:56,5:56,3:46,14:26
2023-01-07,DELTA AIR LINES INC.,"LOS ANGELES, CA","PORTLAND, OR",11:48,13:24,-2.0,14:28,15:06,-7,Cancelled,AIRLINE/CARRIER,Not Diverted,160,120.0,7:17,10:32,2:21,4:07,22:06
2023-06-10,ALLEGIANT AIR,"LOS ANGELES, CA","OMAHA, NE",14:34,15:19,45.0,19:40,20:25,45,Not Cancelled,NOT CANCELLED,Not Diverted,186,186.0,0:14,16:28,6:22,4:14,0:31
2023-01-17,SOUTHWEST AIRLINES CO.,"DALLAS, TX","NASHVILLE, TN",16:50,16:59,9.0,18:35,18:23,-12,Not Cancelled,NOT CANCELLED,Not Diverted,105,84.0,25:30:00,6:44,1:10,1:07,10:15
2021-07-13,ENVOY AIR,"DALLAS/FORT WORTH, TX","LITTLE ROCK, AR",16:35,16:32,-3.0,17:55,17:44,-11,Not Cancelled,NOT CANCELLED,Not Diverted,80,72.0,39:55:00,1:06,3:02,3:59,25:11:00
2019-12-25,REPUBLIC AIRLINE,"BOSTON, MA","SARASOTA/BRADENTON, FL",10:35,10:27,-8.0,14:24,13:39,-45,Not Cancelled,NOT CANCELLED,Not Diverted,229,192.0,11:26,17:02,12:50,4:31,22:01
2022-12-10,SOUTHWEST AIRLINES CO.,"FORT MYERS, FL","BALTIMORE, MD",17:40,17:32,-8.0,20:00,19:49,-11,Not Cancelled,NOT CANCELLED,Not Diverted,140,137.0,33:25:00,3:07,10:03,0:21,1:27
2022-04-04,AMERICAN AIRLINES INC.,"CHARLOTTE, NC","RICHMOND, VA",9:00,8:57,-3.0,10:04,10:00,-4,Not Cancelled,NOT CANCELLED,Not Diverted,64,63.0,14:43,9:31,6:49,1:02,7:57
2020-03-29,ENVOY AIR,"CHICAGO, IL","WATERLOO, IA",13:18,13:08,-10.0,14:29,14:06,-23,Not Cancelled,NOT CANCELLED,Not Diverted,71,58.0,9:27,12:44,3:50,1:39,13:23
2022-09-12,JETBLUE AIRWAYS,"DENVER, CO","NEW YORK, NY",14:14,14:13,-1.0,20:00,21:06,66,Not Cancelled,NOT CANCELLED,Not Diverted,226,293.0,4:25,1:51,1:06,2:22,27:20:00
2023-08-21,ENDEAVOR AIR INC.,"NEW YORK, NY","INDIANAPOLIS, IN",19:50,19:44,-6.0,22:16,21:56,-20,Not Cancelled,NOT CANCELLED,Not Diverted,146,132.0,21:27,17:39,8:54,2:40,25:14:00
2020-01-20,AMERICAN AIRLINES INC.,"COLORADO SPRINGS, CO","DALLAS/FORT WORTH, TX",16:35,16:30,-5.0,19:25,19:11,-14,Not Cancelled,NOT CANCELLED,Not Diverted,110,101.0,33:31:00,6:43,5:56,4:14,4:44
2022-03-01,AMERICAN AIRLINES INC.,"ONTARIO, CA","DALLAS/FORT WORTH, TX",12:52,12:50,-2.0,17:44,17:46,2,Not Cancelled,NOT CANCELLED,Not Diverted,172,176.0,5:35,3:52,13:05,0:22,10:51
2022-02-11,HAWAIIAN AIRLINES INC.,"LOS ANGELES, CA","LIHUE, HI",8:30,8:25,-5.0,12:45,12:21,-24,Not Cancelled,NOT CANCELLED,Not Diverted,375,356.0,28:10:00,15:32,6:16,3:16,21:51
2021-05-10,DELTA AIR LINES INC.,"SALT LAKE CITY, UT","DENVER, CO",14:40,14:33,-7.0,16:07,15:48,-19,Not Cancelled,NOT CANCELLED,Not Diverted,87,75.0,19:23,3:12,6:06,1:12,25:12:00
2022-06-03,SKYWEST AIRLINES INC.,"VERNAL, UT","DENVER, CO",18:10,18:19,9.0,19:29,19:59,30,Not Cancelled,NOT CANCELLED,Not Diverted,79,100.0,28:23:00,1:09,10:15,2:38,0:30
2022-03-30,DELTA AIR LINES INC.,"ATLANTA, GA","CHICAGO, IL",15:44,15:58,14.0,16:49,16:47,-2,Not Cancelled,NOT CANCELLED,Not Diverted,125,109.0,18:19,19:26,7:34,4:35,23:10
2020-03-23,DELTA AIR LINES INC.,"DETROIT, MI","GRAND RAPIDS, MI",22:56,13:24,-2.0,23:46,15:06,-7,Cancelled,SECURITY,Not Diverted,50,120.0,43:59:00,2:52,3:53,4:09,18:17
2023-05-15,UNITED AIR LINES INC.,"DENVER, CO","MISSOULA, MT",19:15,19:45,30.0,21:17,21:27,10,Not Cancelled,NOT CANCELLED,Not Diverted,122,102.0,33:15:00,6:21,2:53,0:22,0:16
2023-01-17,UNITED AIR LINES INC.,"WASHINGTON, DC","CHICAGO, IL",17:40,17:35,-5.0,18:54,18:49,-5,Not Cancelled,NOT CANCELLED,Not Diverted,134,134.0,20:40,12:38,5:37,0:45,18:19
2019-11-10,AMERICAN AIRLINES INC.,"CHARLOTTE, NC","LOS ANGELES, CA",20:28,20:32,4.0,22:55,22:34,-21,Not Cancelled,NOT CANCELLED,Not Diverted,327,302.0,46:10:00,4:32,3:43,0:40,4:45
2022-12-11,SOUTHWEST AIRLINES CO.,"TAMPA, FL","ST. LOUIS, MO",7:55,7:51,-4.0,9:25,9:10,-15,Not Cancelled,NOT CANCELLED,Not Diverted,150,139.0,22:39,17:03,5:48,3:38,1:57
2021-05-28,SKYWEST AIRLINES INC.,"DENVER, CO","GRAND JUNCTION, CO",19:25,19:49,24.0,20:32,20:52,20,Not Cancelled,NOT CANCELLED,Not Diverted,67,63.0,0:20,0:55,4:14,3:06,10:48
2021-08-21,DELTA AIR LINES INC.,"AUSTIN, TX","DETROIT, MI",5:25,12:24,419.0,9:17,16:18,421,Not Cancelled,NOT CANCELLED,Not Diverted,172,174.0,6:59,17:01,0:02,2:26,20:15
2023-05-26,SOUTHWEST AIRLINES CO.,"LONG BEACH, CA","RENO, NV",10:15,10:28,13.0,11:40,11:42,2,Not Cancelled,NOT CANCELLED,Not Diverted,85,74.0,34:51:00,8:19,11:40,3:32,24:26:00
2021-11-09,UNITED AIR LINES INC.,"SAN ANTONIO, TX","WASHINGTON, DC",12:00,11:52,-8.0,16:02,15:47,-15,Not Cancelled,NOT CANCELLED,Not Diverted,182,175.0,9:59,1:27,8:28,2:45,20:50
2022-11-20,UNITED AIR LINES INC.,"NEWARK, NJ","MEMPHIS, TN",12:32,12:27,-5.0,14:22,14:30,8,Not Cancelled,NOT CANCELLED,Not Diverted,170,183.0,29:40:00,1:30,1:30,3:46,23:38
2022-06-21,DELTA AIR LINES INC.,"ORLANDO, FL","NEW YORK, NY",7:30,7:24,-6.0,10:12,9:49,-23,Not Cancelled,NOT CANCELLED,Not Diverted,162,145.0,13:02,20:06,6:44,0:04,23:10
2022-04-04,DELTA AIR LINES INC.,"KANSAS CITY, MO","DETROIT, MI",14:27,14:20,-7.0,17:15,17:02,-13,Not Cancelled,NOT CANCELLED,Not Diverted,108,102.0,48:48:00,18:20,14:18,3:58,16:50
2023-04-05,SPIRIT AIR LINES,"MILWAUKEE, WI","ORLANDO, FL",9:55,9:59,4.0,13:39,13:32,-7,Not Cancelled,NOT CANCELLED,Not Diverted,164,153.0,13:40,16:33,12:45,3:22,11:30
2019-06-27,DELTA AIR LINES INC.,"ATLANTA, GA","SARASOTA/BRADENTON, FL",17:30,17:22,-8.0,19:11,18:50,-21,Not Cancelled,NOT CANCELLED,Not Diverted,101,88.0,41:15:00,19:48,14:39,2:21,1:46
2023-05-18,SPIRIT AIR LINES,"PHILADELPHIA, PA","LAS VEGAS, NV",18:18,18:20,2.0,20:50,21:23,33,Not Cancelled,NOT CANCELLED,Not Diverted,332,363.0,0:02,5:34,0:31,2:46,9:45
2021-06-06,AMERICAN AIRLINES INC.,"CHICAGO, IL","SEATTLE, WA",19:05,19:00,-5.0,21:47,21:20,-27,Not Cancelled,NOT CANCELLED,Not Diverted,282,260.0,34:10:00,8:55,2:03,0:13,26:28:00
2022-05-23,REPUBLIC AIRLINE,"NEW YORK, NY","BOSTON, MA",15:00,16:08,68.0,16:23,17:08,45,Not Cancelled,NOT CANCELLED,Not Diverted,83,60.0,46:54:00,9:36,12:19,3:08,0:45
2022-03-03,UNITED AIR LINES INC.,"HOUSTON, TX","TULSA, OK",20:10,20:09,-1.0,21:44,21:36,-8,Not Cancelled,NOT CANCELLED,Not Diverted,94,87.0,19:31,4:30,0:48,1:04,14:26
2022-07-02,SOUTHWEST AIRLINES CO.,"PHOENIX, AZ","DENVER, CO",22:05,22:31,26.0,0:45,1:02,17,Not Cancelled,NOT CANCELLED,Not Diverted,100,91.0,6:57,16:54,12:58,0:07,0:17
2019-11-11,UNKNOWN,"SACRAMENTO, CA","SALT LAKE CITY, UT",16:42,16:37,-5.0,19:32,19:16,-16,Not Cancelled,NOT CANCELLED,Not Diverted,110,99.0,7:56,12:09,7:54,3:22,28:00:00
2021-10-10,DELTA AIR LINES INC.,"BOSTON, MA","LAS VEGAS, NV",9:15,9:15,0.0,12:04,12:06,2,Not Cancelled,NOT CANCELLED,Not Diverted,349,351.0,10:19,19:00,11:50,4:19,21:52
2023-04-26,SOUTHWEST AIRLINES CO.,"FORT LAUDERDALE, FL","AUSTIN, TX",19:25,21:53,148.0,21:35,0:22,167,Not Cancelled,NOT CANCELLED,Not Diverted,190,209.0,30:51:00,0:47,0:19,3:36,1:41
2021-09-26,FRONTIER AIRLINES INC.,"ONTARIO, CA","PHOENIX, AZ",17:28,17:23,-5.0,18:47,18:36,-11,Not Cancelled,NOT CANCELLED,Not Diverted,79,73.0,41:23:00,5:48,5:10,2:06,14:44
2023-05-18,JETBLUE AIRWAYS,"FORT LAUDERDALE, FL","LOS ANGELES, CA",19:55,19:51,-4.0,22:48,22:22,-26,Not Cancelled,NOT CANCELLED,Not Diverted,353,331.0,29:11:00,12:39,1:44,4:36,22:07
2020-04-08,SKYWEST AIRLINES INC.,"MADISON, WI","DETROIT, MI",13:00,12:53,-7.0,15:08,14:56,-12,Not Cancelled,NOT CANCELLED,Not Diverted,68,63.0,19:07,21:50,0:58,2:14,6:09
2023-05-27,SOUTHWEST AIRLINES CO.,"BALTIMORE, MD","ORLANDO, FL",9:25,9:19,-6.0,11:45,11:25,-20,Not Cancelled,NOT CANCELLED,Not Diverted,140,126.0,39:21:00,12:12,7:03,0:47,15:20
2019-07-04,SKYWEST AIRLINES INC.,"MINNEAPOLIS, MN","HELENA, MT",17:49,17:44,-5.0,19:40,19:37,-3,Not Cancelled,NOT CANCELLED,Not Diverted,171,173.0,15:39,7:01,9:07,3:20,0:18
2022-05-31,AMERICAN AIRLINES INC.,"CHARLOTTE AMALIE, VI","CHARLOTTE, NC",14:23,14:03,-20.0,18:19,17:54,-25,Not Cancelled,NOT CANCELLED,Not Diverted,236,231.0,19:48,12:15,3:52,2:56,21:01
2019-11-10,UNITED AIR LINES INC.,"DENVER, CO","LIHUE, HI",9:35,9:32,-3.0,14:31,14:21,-10,Not Cancelled,NOT CANCELLED,Not Diverted,476,469.0,36:31:00,3:30,0:06,4:51,8:42
2019-06-21,AMERICAN AIRLINES INC.,"NEWARK, NJ","CHARLOTTE, NC",5:00,4:58,-2.0,6:47,6:48,1,Not Cancelled,NOT CANCELLED,Not Diverted,107,110.0,46:39:00,8:36,3:31,2:03,8:00
2019-08-05,UNITED AIR LINES INC.,"NEW YORK, NY","HOUSTON, TX",17:25,22:19,294.0,20:25,0:41,256,Not Cancelled,NOT CANCELLED,Not Diverted,240,202.0,0:16,16:33,11:13,0:34,4:00
2020-11-17,SKYWEST AIRLINES INC.,"NASHVILLE, TN","MINNEAPOLIS, MN",14:30,14:25,-5.0,16:46,16:44,-2,Not Cancelled,NOT CANCELLED,Not Diverted,136,139.0,39:38:00,13:32,4:12,4:37,7:48
2021-08-15,ENDEAVOR AIR INC.,"NEW YORK, NY","BIRMINGHAM, AL",19:40,19:39,-1.0,21:03,21:03,0,Not Cancelled,NOT CANCELLED,Not Diverted,143,144.0,19:03,4:26,3:38,2:46,23:40
2021-07-18,ENDEAVOR AIR INC.,"GREER, SC","DETROIT, MI",18:20,18:15,-5.0,20:09,19:49,-20,Not Cancelled,NOT CANCELLED,Not Diverted,109,94.0,47:25:00,10:09,9:54,1:48,1:18
2023-02-16,UNITED AIR LINES INC.,"CHICAGO, IL","FORT MYERS, FL",13:58,16:08,130.0,17:55,20:22,147,Not Cancelled,NOT CANCELLED,Not Diverted,177,194.0,0:02,0:25,0:17,2:05,1:45
2021-11-15,FRONTIER AIRLINES INC.,"COLORADO SPRINGS, CO","ORLANDO, FL",23:23,22:59,-24.0,4:54,4:44,-10,Not Cancelled,NOT CANCELLED,Not Diverted,211,225.0,2:49,10:54,7:18,4:22,19:02
2021-01-22,UNITED AIR LINES INC.,"NEWARK, NJ","CHARLOTTE AMALIE, VI",8:20,8:20,0.0,13:19,13:02,-17,Not Cancelled,NOT CANCELLED,Not Diverted,239,222.0,10:57,12:32,7:26,2:57,16:28
2022-06-07,SOUTHWEST AIRLINES CO.,"DENVER, CO","TULSA, OK",15:40,16:01,21.0,18:10,18:27,17,Not Cancelled,NOT CANCELLED,Not Diverted,90,86.0,1:36,21:00,4:26,3:56,0:17
2021-06-30,AMERICAN AIRLINES INC.,"AUSTIN, TX","LAS VEGAS, NV",19:30,21:55,145.0,20:21,22:37,136,Not Cancelled,NOT CANCELLED,Not Diverted,171,162.0,39:04:00,7:48,4:23,4:26,2:16
2019-10-19,SPIRIT AIR LINES,"ORLANDO, FL","ATLANTIC CITY, NJ",9:35,9:38,3.0,11:50,12:09,19,Not Cancelled,NOT CANCELLED,Not Diverted,135,151.0,14:32,7:42,0:19,1:50,11:10
2020-03-12,DELTA AIR LINES INC.,"NEWARK, NJ","ATLANTA, GA",16:45,16:38,-7.0,19:14,18:47,-27,Not Cancelled,NOT CANCELLED,Not Diverted,149,129.0,20:07,22:01,1:27,0:54,19:06
2022-10-15,AMERICAN AIRLINES INC.,"PHOENIX, AZ","PHILADELPHIA, PA",10:22,10:15,-7.0,17:50,17:58,8,Not Cancelled,NOT CANCELLED,Not Diverted,268,283.0,35:40:00,19:39,10:24,2:53,14:37
2022-11-07,SOUTHWEST AIRLINES CO.,"ATLANTA, GA","FORT LAUDERDALE, FL",8:15,8:13,-2.0,10:20,9:54,-26,Not Cancelled,NOT CANCELLED,Not Diverted,125,101.0,31:45:00,5:32,3:37,2:55,1:15
2020-12-11,SKYWEST AIRLINES INC.,"DENVER, CO","EL PASO, TX",17:45,17:48,3.0,19:38,19:56,18,Not Cancelled,NOT CANCELLED,Not Diverted,113,128.0,0:18,10:09,14:41,3:57,24:34:00
2019-03-25,UNITED AIR LINES INC.,"NEW YORK, NY","CHICAGO, IL",16:30,16:28,-2.0,18:24,18:05,-19,Not Cancelled,NOT CANCELLED,Not Diverted,174,157.0,26:35:00,18:16,3:28,4:57,0:54
2021-07-08,DELTA AIR LINES INC.,"SAN FRANCISCO, CA","DETROIT, MI",22:30,22:31,1.0,6:04,5:49,-15,Not Cancelled,NOT CANCELLED,0,274,258.0,8:22,9:20,1:43,1:41,0:43
2022-05-26,SOUTHWEST AIRLINES CO.,"LOS ANGELES, CA","SAN JOSE, CA",13:20,13:37,17.0,14:25,14:34,9,Not Cancelled,NOT CANCELLED,Not Diverted,65,57.0,37:28:00,13:19,5:07,3:47,24:28:00
2019-09-19,DELTA AIR LINES INC.,"MISSOULA, MT","MINNEAPOLIS, MN",5:25,5:25,0.0,8:58,8:53,-5,Not Cancelled,NOT CANCELLED,Not Diverted,153,148.0,23:09,3:17,7:54,2:03,4:24
2021-09-15,DELTA AIR LINES INC.,"NEW YORK, NY","DETROIT, MI",6:10,6:04,-6.0,7:50,7:42,-8,Not Cancelled,NOT CANCELLED,Not Diverted,100,98.0,14:23,14:28,1:42,3:02,14:16
2023-06-28,DELTA AIR LINES INC.,"ATLANTA, GA","HONOLULU, HI",10:15,10:13,-2.0,13:54,13:32,-22,Not Cancelled,NOT CANCELLED,Not Diverted,579,559.0,7:50,17:13,3:14,4:25,19:05
2019-04-20,ENDEAVOR AIR INC.,"BOSTON, MA","SAVANNAH, GA",8:05,7:59,-6.0,10:57,11:02,5,Not Cancelled,NOT CANCELLED,Not Diverted,172,183.0,42:26:00,0:52,4:17,2:34,14:26
2022-04-09,SOUTHWEST AIRLINES CO.,"ST. LOUIS, MO","PHILADELPHIA, PA",8:35,8:46,11.0,11:40,11:43,3,Not Cancelled,NOT CANCELLED,Not Diverted,125,117.0,13:29,18:11,4:47,3:09,20:43
2022-03-25,AMERICAN AIRLINES INC.,"WASHINGTON, DC","BOSTON, MA",10:00,9:58,-2.0,11:30,11:21,-9,Not Cancelled,NOT CANCELLED,Not Diverted,90,83.0,46:42:00,18:06,14:12,4:26,23:26
2022-08-17,FRONTIER AIRLINES INC.,"FORT LAUDERDALE, FL","PHILADELPHIA, PA",18:31,19:30,59.0,21:21,22:09,48,Not Cancelled,NOT CANCELLED,Not Diverted,170,159.0,0:48,17:15,13:05,4:21,12:43
2019-10-26,AMERICAN AIRLINES INC.,"CHARLOTTE, NC","ORLANDO, FL",18:10,18:08,-2.0,19:54,19:45,-9,Not Cancelled,NOT CANCELLED,Not Diverted,104,97.0,47:21:00,7:39,14:45,2:49,1:24
2020-07-18,AMERICAN AIRLINES INC.,"DALLAS/FORT WORTH, TX","TULSA, OK",14:46,14:45,-1.0,15:51,15:44,-7,Not Cancelled,NOT CANCELLED,Not Diverted,65,59.0,26:57:00,5:06,1:08,3:07,6:51
2023-02-16,ENDEAVOR AIR INC.,"DETROIT, MI","KALAMAZOO, MI",22:50,11:57,787.0,23:53,13:00,787,Not Cancelled,NOT CANCELLED,Not Diverted,63,63.0,19:58,13:07,7:54,4:11,8:13
2019-09-01,AMERICAN AIRLINES INC.,"FORT MYERS, FL","CHICAGO, IL",11:45,11:40,-5.0,13:59,13:44,-15,Not Cancelled,NOT CANCELLED,Not Diverted,194,184.0,36:19:00,2:02,8:13,1:23,23:24
2022-09-02,SOUTHWEST AIRLINES CO.,"SAN DIEGO, CA","EL PASO, TX",14:40,14:35,-5.0,17:25,17:17,-8,Not Cancelled,NOT CANCELLED,Not Diverted,105,102.0,35:45:00,2:16,4:53,2:06,4:13
2019-01-04,DELTA AIR LINES INC.,"MINNEAPOLIS, MN","SPOKANE, WA",12:32,12:29,-3.0,13:57,13:37,-20,Not Cancelled,NOT CANCELLED,Not Diverted,205,188.0,46:26:00,10:16,8:01,4:24,23:23
2019-10-14,AMERICAN AIRLINES INC.,"HONOLULU, HI","LOS ANGELES, CA",22:20,22:20,0.0,6:51,6:44,-7,Not Cancelled,NOT CANCELLED,Not Diverted,331,324.0,36:55:00,19:09,1:31,2:36,18:11
2023-08-16,SPIRIT AIR LINES,"ORLANDO, FL","CHICAGO, IL",12:10,14:17,127.0,14:15,15:52,97,Not Cancelled,NOT CANCELLED,Not Diverted,185,155.0,1:37,18:54,12:13,3:18,19:34
2023-08-05,DELTA AIR LINES INC.,"MINNEAPOLIS, MN","ORLANDO, FL",15:49,15:45,-4.0,20:05,19:54,-11,Not Cancelled,NOT CANCELLED,Not Diverted,196,189.0,33:23:00,18:59,13:12,1:29,20:35
2022-12-26,SPIRIT AIR LINES,"ATLANTIC CITY, NJ","ORLANDO, FL",5:40,7:57,137.0,8:14,10:26,132,Not Cancelled,NOT CANCELLED,Not Diverted,154,149.0,47:13:00,8:55,2:12,0:22,9:34
2022-05-04,REPUBLIC AIRLINE,"NEW YORK, NY","COLUMBUS, OH",20:17,20:11,-6.0,22:22,21:49,-33,Not Cancelled,NOT CANCELLED,Not Diverted,125,98.0,8:02,22:18,6:41,3:35,15:07
2022-01-03,DELTA AIR LINES INC.,"ATLANTA, GA","OKLAHOMA CITY, OK",19:30,19:30,0.0,20:46,20:38,-8,Not Cancelled,NOT CANCELLED,Not Diverted,136,128.0,31:21:00,13:21,7:20,4:06,12:16
2020-01-21,DELTA AIR LINES INC.,"DETROIT, MI","ST. LOUIS, MO",15:40,15:32,-8.0,16:25,15:59,-26,Not Cancelled,NOT CANCELLED,Not Diverted,105,87.0,30:44:00,19:56,9:05,0:08,13:05
2023-08-29,SOUTHWEST AIRLINES CO.,"HOUSTON, TX","DENVER, CO",19:20,19:21,1.0,20:50,20:47,-3,Not Cancelled,NOT CANCELLED,Not Diverted,150,146.0,24:46:00,20:55,4:47,3:14,8:53
2023-06-23,SOUTHWEST AIRLINES CO.,"CHICAGO, IL","NASHVILLE, TN",6:30,6:26,-4.0,7:55,7:47,-8,Not Cancelled,NOT CANCELLED,Not Diverted,85,81.0,23:53,2:04,5:36,1:05,4:10
2019-06-22,ALASKA AIRLINES INC.,"SEATTLE, WA","ALBUQUERQUE, NM",18:15,18:07,-8.0,22:15,22:03,-12,Not Cancelled,NOT CANCELLED,Not Diverted,180,176.0,15:44,22:26,11:43,4:57,6:19
2020-06-27,SOUTHWEST AIRLINES CO.,"CHARLESTON, SC","DALLAS, TX",13:50,14:06,16.0,15:30,15:32,2,Not Cancelled,NOT CANCELLED,Not Diverted,160,146.0,29:59:00,12:10,12:23,4:11,3:07
2023-02-25,SPIRIT AIR LINES,"CHARLOTTE AMALIE, VI","FORT LAUDERDALE, FL",17:25,17:13,-12.0,19:23,19:04,-19,Not Cancelled,NOT CANCELLED,Not Diverted,178,171.0,29:09:00,17:48,6:39,4:59,2:48
2020-09-05,ENDEAVOR AIR INC.,"MINNEAPOLIS, MN","APPLETON, WI",20:05,20:20,15.0,21:10,21:20,10,Not Cancelled,NOT CANCELLED,Not Diverted,65,60.0,1:18,15:58,1:04,0:30,12:09
2023-05-18,DELTA AIR LINES INC.,"BOSTON, MA","NASHVILLE, TN",17:05,17:06,1.0,19:02,19:04,2,Not Cancelled,NOT CANCELLED,Not Diverted,177,178.0,47:12:00,9:01,2:38,4:16,27:14:00
2020-02-27,AMERICAN AIRLINES INC.,"DALLAS/FORT WORTH, TX","ORLANDO, FL",18:53,19:49,56.0,22:28,22:58,30,Not Cancelled,NOT CANCELLED,Not Diverted,155,129.0,0:20,9:51,7:07,2:39,0:10
2022-09-05,DELTA AIR LINES INC.,"SEATTLE, WA","SACRAMENTO, CA",11:15,11:20,5.0,13:11,13:02,-9,Not Cancelled,NOT CANCELLED,Not Diverted,116,102.0,18:03,6:29,7:08,4:08,7:31
2023-05-09,SKYWEST AIRLINES INC.,UNKNOWN,"ATLANTA, GA",17:25,17:21,-4.0,19:02,18:54,-8,Not Cancelled,NOT CANCELLED,Not Diverted,97,93.0,30:42:00,6:39,0:58,0:36,27:45:00
2023-08-19,ENDEAVOR AIR INC.,"BRUNSWICK, GA","ATLANTA, GA",7:30,7:21,-9.0,8:41,8:28,-13,Not Cancelled,NOT CANCELLED,Not Diverted,71,67.0,14:55,10:12,1:12,3:58,22:37
2020-02-11,DELTA AIR LINES INC.,"DETROIT, MI","FORT LAUDERDALE, FL",7:05,7:05,0.0,10:22,10:10,-12,Not Cancelled,NOT CANCELLED,Not Diverted,197,185.0,47:23:00,7:26,13:46,3:35,18:50
2021-11-24,ALASKA AIRLINES INC.,"LOS ANGELES, CA","KONA, HI",12:20,12:47,27.0,16:30,16:29,-1,Not Cancelled,NOT CANCELLED,Not Diverted,370,342.0,32:44:00,5:49,9:10,4:06,23:57
2019-06-14,DELTA AIR LINES INC.,"WEST PALM BEACH/PALM BEACH, FL","ATLANTA, GA",8:00,7:52,-8.0,9:46,9:44,-2,Not Cancelled,NOT CANCELLED,Not Diverted,106,112.0,34:47:00,11:13,5:10,1:32,23:35
2022-09-26,AMERICAN AIRLINES INC.,"PHOENIX, AZ","PORTLAND, OR",10:13,10:18,5.0,13:02,13:15,13,Not Cancelled,NOT CANCELLED,Not Diverted,169,177.0,0:44,3:39,6:05,4:12,18:00
2022-12-27,SOUTHWEST AIRLINES CO.,"LAS VEGAS, NV","HOUSTON, TX",17:15,22:03,288.0,22:05,2:45,280,Not Cancelled,NOT CANCELLED,Not Diverted,170,162.0,0:26,6:08,0:44,2:37,4:14
2020-12-26,SKYWEST AIRLINES INC.,"WASHINGTON, DC","CHICAGO, IL",6:30,6:30,0.0,8:01,7:50,-11,Not Cancelled,NOT CANCELLED,Not Diverted,151,140.0,6:13,7:08,7:59,3:39,5:37
2022-01-20,HORIZON AIR,"OAKLAND, CA","SEATTLE, WA",7:00,6:50,-10.0,9:08,8:50,-18,Not Cancelled,NOT CANCELLED,Not Diverted,128,120.0,21:25,20:48,5:22,3:30,5:40
2020-10-18,SOUTHWEST AIRLINES CO.,"COLUMBUS, OH","CHICAGO, IL",13:30,13:49,19.0,13:45,13:53,8,Not Cancelled,NOT CANCELLED,Not Diverted,75,64.0,45:32:00,2:18,10:00,4:00,10:51
2022-11-08,JETBLUE AIRWAYS,"MINNEAPOLIS, MN","NEW YORK, NY",10:42,10:53,11.0,14:34,14:31,-3,Not Cancelled,NOT CANCELLED,Not Diverted,172,158.0,20:22,11:54,6:20,4:14,14:15
2019-07-16,AMERICAN AIRLINES INC.,"NASHVILLE, TN","MIAMI, FL",17:39,17:36,-3.0,21:01,20:45,-16,Not Cancelled,NOT CANCELLED,Not Diverted,142,129.0,24:39:00,22:09,0:55,3:59,10:51
2019-08-25,PSA AIRLINES INC.,"CHARLOTTE, NC","NEW BERN/MOREHEAD/BEAUFORT, NC",18:00,17:53,-7.0,19:06,18:53,-13,Not Cancelled,NOT CANCELLED,Not Diverted,66,60.0,11:29,21:06,13:41,0:49,19:04
2023-01-17,ENDEAVOR AIR INC.,"MINNEAPOLIS, MN","GREEN BAY, WI",19:55,19:59,4.0,21:04,21:08,4,Not Cancelled,NOT CANCELLED,Not Diverted,69,69.0,20:16,21:45,14:20,1:33,12:53
2019-04-20,MESA AIRLINES INC.,"WASHINGTON, DC","CHARLESTON, SC",22:30,22:22,-8.0,0:13,0:48,35,Not Cancelled,NOT CANCELLED,Not Diverted,103,146.0,41:07:00,23:09,0:35,0:37,0:51
2021-05-06,REPUBLIC AIRLINE,"EL PASO, TX","CHICAGO, IL",8:15,8:09,-6.0,12:26,12:06,-20,Not Cancelled,NOT CANCELLED,Not Diverted,191,177.0,7:02,13:05,6:34,1:14,1:05
2019-05-18,AMERICAN AIRLINES INC.,"MIAMI, FL","TAMPA, FL",10:55,10:53,-2.0,12:06,12:05,-1,Not Cancelled,NOT CANCELLED,Not Diverted,71,72.0,8:51,17:08,0:50,4:37,23:42
2020-01-07,AMERICAN AIRLINES INC.,"AUSTIN, TX","DALLAS/FORT WORTH, TX",18:27,18:25,-2.0,19:35,19:38,3,Not Cancelled,NOT CANCELLED,Not Diverted,68,73.0,29:59:00,14:04,6:58,4:06,23:58
2020-04-24,REPUBLIC AIRLINE,"INDIANAPOLIS, IN","WASHINGTON, DC",5:50,5:40,-10.0,7:31,7:00,-31,Not Cancelled,NOT CANCELLED,Not Diverted,101,80.0,6:37,9:04,14:18,0:20,21:23
2022-03-19,SPIRIT AIR LINES,"DALLAS/FORT WORTH, TX","LOS ANGELES, CA",20:32,21:56,84.0,21:48,23:17,89,Not Cancelled,NOT CANCELLED,Not Diverted,196,201.0,1:09,16:03,0:05,3:40,0:15
2022-02-12,JETBLUE AIRWAYS,"HOUSTON, TX","NEW YORK, NY",16:01,16:31,30.0,20:32,20:43,11,Not Cancelled,NOT CANCELLED,Not Diverted,211,192.0,18:28,14:40,1:36,3:25,21:16
2019-04-21,AMERICAN AIRLINES INC.,"COLUMBUS, OH","PHOENIX, AZ",18:08,18:13,5.0,19:32,19:21,-11,Not Cancelled,NOT CANCELLED,Not Diverted,264,248.0,0:16,20:12,14:11,1:28,17:50
2023-03-24,SKYWEST AIRLINES INC.,"SACRAMENTO, CA","SAN DIEGO, CA",9:40,9:34,-6.0,11:08,10:58,-10,Not Cancelled,NOT CANCELLED,Not Diverted,88,84.0,19:08,20:11,10:21,2:09,5:17
2020-11-06,UNITED AIR LINES INC.,"NEWARK, NJ","BOSTON, MA",15:00,14:56,-4.0,16:10,15:57,-13,Not Cancelled,NOT CANCELLED,Not Diverted,70,61.0,29:48:00,13:58,6:51,4:22,5:44
2022-11-28,ALASKA AIRLINES INC.,"SEATTLE, WA","DENVER, CO",9:40,10:23,43.0,13:20,14:01,41,Not Cancelled,NOT CANCELLED,Not Diverted,160,158.0,46:34:00,9:41,8:40,0:40,0:41
2019-03-30,UNITED AIR LINES INC.,"HOUSTON, TX","HAYDEN, CO",12:00,11:53,-7.0,13:56,13:32,-24,Not Cancelled,NOT CANCELLED,Not Diverted,176,159.0,19:44,14:41,12:08,3:36,1:06
2019-02-27,SKYWEST AIRLINES INC.,"TWIN FALLS, ID","SALT LAKE CITY, UT",18:00,18:27,27.0,19:06,19:26,20,Not Cancelled,NOT CANCELLED,Not Diverted,66,59.0,30:13:00,0:20,3:20,1:42,21:06
2021-07-14,SKYWEST AIRLINES INC.,"SEATTLE, WA","SAN FRANCISCO, CA",11:15,11:19,4.0,13:37,13:24,-13,Not Cancelled,NOT CANCELLED,Not Diverted,142,125.0,20:14,0:31,12:59,0:46,26:15:00
2021-08-10,REPUBLIC AIRLINE,"CHICAGO, IL","WASHINGTON, DC",17:53,21:08,195.0,20:58,2:05,307,Not Cancelled,NOT CANCELLED,Not Diverted,125,237.0,26:15:00,3:15,1:52,2:48,22:25
2022-04-26,SOUTHWEST AIRLINES CO.,"LAS VEGAS, NV","LOS ANGELES, CA",15:15,15:19,4.0,16:25,16:25,0,Not Cancelled,NOT CANCELLED,Not Diverted,70,66.0,35:04:00,11:04,14:06,4:30,2:49
2019-09-04,AMERICAN AIRLINES INC.,"MIAMI, FL","TAMPA, FL",13:37,13:31,-6.0,14:40,14:24,-16,Not Cancelled,NOT CANCELLED,Not Diverted,63,53.0,33:50:00,5:48,11:23,4:56,23:46
2022-08-16,UNITED AIR LINES INC.,"NEWARK, NJ","SALT LAKE CITY, UT",19:59,21:34,95.0,23:09,0:33,84,Not Cancelled,NOT CANCELLED,Not Diverted,310,299.0,0:20,22:28,11:45,4:54,1:04
2020-04-05,UNITED AIR LINES INC.,"SAN FRANCISCO, CA","LOS ANGELES, CA",7:30,13:24,-2.0,9:16,15:06,-7,Cancelled,SECURITY,Not Diverted,106,120.0,9:47,4:44,11:39,3:22,19:06
2019-05-23,SOUTHWEST AIRLINES CO.,"HARTFORD, CT","BALTIMORE, MD",17:30,17:51,21.0,18:50,19:01,11,Not Cancelled,NOT CANCELLED,Not Diverted,80,70.0,13:49,13:45,10:35,4:08,13:27
2023-03-06,ENVOY AIR,"CINCINNATI, OH","MIAMI, FL",6:03,6:00,-3.0,8:38,8:31,-7,Not Cancelled,NOT CANCELLED,Not Diverted,155,151.0,21:22,21:10,3:06,2:47,12:15
2020-12-11,ALLEGIANT AIR,"SANFORD, FL","CINCINNATI, OH",11:22,11:13,-9.0,13:30,13:19,-11,Not Cancelled,NOT CANCELLED,Not Diverted,128,126.0,37:59:00,7:27,7:33,4:30,3:47
2020-08-08,DELTA AIR LINES INC.,"AUSTIN, TX","SALT LAKE CITY, UT",15:05,14:58,-7.0,16:50,16:38,-12,Not Cancelled,NOT CANCELLED,Not Diverted,165,160.0,29:30:00,17:56,14:46,1:06,26:30:00
2022-08-08,ENVOY AIR,"CINCINNATI, OH","MIAMI, FL",12:20,12:16,-4.0,14:50,14:42,-8,Not Cancelled,NOT CANCELLED,Not Diverted,150,146.0,31:38:00,8:40,9:37,3:59,5:32
2019-08-02,DELTA AIR LINES INC.,"RALEIGH/DURHAM, NC","ATLANTA, GA",16:30,16:46,16.0,18:06,18:13,7,Not Cancelled,NOT CANCELLED,Not Diverted,96,87.0,37:25:00,3:52,4:24,4:01,4:25
2022-01-07,HAWAIIAN AIRLINES INC.,"KONA, HI","HONOLULU, HI",12:45,12:39,-6.0,13:34,13:33,-1,Not Cancelled,NOT CANCELLED,Not Diverted,49,54.0,5:14,5:54,3:45,2:14,8:25
2019-03-06,SOUTHWEST AIRLINES CO.,"CHICAGO, IL","DALLAS, TX",18:25,18:43,18.0,20:50,20:49,-1,Not Cancelled,NOT CANCELLED,Not Diverted,145,126.0,29:43:00,1:37,8:00,4:23,11:17
2021-04-03,SPIRIT AIR LINES,"AUSTIN, TX","LAS VEGAS, NV",20:28,20:18,-10.0,21:33,21:03,-30,Not Cancelled,NOT CANCELLED,Not Diverted,185,165.0,29:58:00,5:24,2:50,4:19,23:19
2022-04-29,SPIRIT AIR LINES,"MINNEAPOLIS, MN","ATLANTA, GA",9:59,10:13,14.0,13:29,13:28,-1,Not Cancelled,NOT CANCELLED,Not Diverted,150,135.0,24:25:00,9:08,3:51,1:45,21:30
2023-01-06,ALASKA AIRLINES INC.,"SAN FRANCISCO, CA","KAHULUI, HI",12:05,12:05,0.0,15:43,16:24,41,Not Cancelled,NOT CANCELLED,Not Diverted,338,379.0,25:03:00,22:25,0:41,0:36,23:37
2023-07-14,DELTA AIR LINES INC.,"PITTSBURGH, PA","MINNEAPOLIS, MN",6:20,6:16,-4.0,7:27,7:19,-8,Not Cancelled,NOT CANCELLED,Not Diverted,127,123.0,36:37:00,6:36,9:56,4:59,16:36
2023-01-15,REPUBLIC AIRLINE,"PHILADELPHIA, PA","FORT MYERS, FL",10:47,10:39,-8.0,13:53,13:33,-20,Not Cancelled,NOT CANCELLED,Not Diverted,186,174.0,43:28:00,5:26,14:44,0:44,19:37
2019-12-26,REPUBLIC AIRLINE,"NEW YORK, NY","COLUMBUS, OH",13:29,13:56,27.0,15:30,15:36,6,Not Cancelled,NOT CANCELLED,Not Diverted,121,123.0,31:54:00,4:10,11:36,1:57,12:42
2020-10-28,SKYWEST AIRLINES INC.,"MONTEREY, CA","DENVER, CO",12:33,12:30,-3.0,16:15,15:57,-18,Not Cancelled,NOT CANCELLED,Not Diverted,162,147.0,1:21,23:01,13:45,4:27,19:58
2022-05-26,SKYWEST AIRLINES INC.,"MONTEREY, CA","SEATTLE, WA",14:50,14:52,2.0,17:00,16:51,-9,Not Cancelled,NOT CANCELLED,Not Diverted,130,119.0,28:43:00,7:23,1:37,1:57,25:51:00
2022-06-10,UNITED AIR LINES INC.,"TAMPA, FL","CHICAGO, IL",7:43,7:41,-2.0,9:39,9:30,-9,Not Cancelled,NOT CANCELLED,Not Diverted,176,169.0,9:53,5:50,7:17,2:05,0:04
2022-05-25,SOUTHWEST AIRLINES CO.,"DENVER, CO","PALM SPRINGS, CA",13:45,13:46,1.0,15:00,14:44,-16,Not Cancelled,NOT CANCELLED,Not Diverted,135,118.0,33:46:00,5:50,1:43,4:27,21:27
2019-05-05,SOUTHWEST AIRLINES CO.,"BALTIMORE, MD","INDIANAPOLIS, IN",11:15,12:21,66.0,13:00,13:54,54,Not Cancelled,NOT CANCELLED,Not Diverted,105,93.0,0:54,18:44,6:18,1:30,23:57
2019-07-08,PSA AIRLINES INC.,"OKLAHOMA CITY, OK","CHARLOTTE, NC",7:06,6:57,-9.0,10:46,10:35,-11,Not Cancelled,NOT CANCELLED,Not Diverted,160,158.0,27:12:00,6:25,1:26,3:21,18:15
2022-10-25,AMERICAN AIRLINES INC.,"CHARLOTTE, NC","NEW ORLEANS, LA",9:28,9:25,-3.0,10:42,10:24,-18,Not Cancelled,NOT CANCELLED,Not Diverted,134,119.0,41:35:00,6:26,1:47,2:04,3:24
2020-01-18,SOUTHWEST AIRLINES CO.,"ORLANDO, FL","BUFFALO, NY",18:30,19:00,30.0,21:00,21:22,22,Not Cancelled,NOT CANCELLED,Not Diverted,150,142.0,28:41:00,7:52,8:36,4:49,0:22
2020-09-30,REPUBLIC AIRLINE,"CHARLOTTE, NC","PITTSBURGH, PA",14:52,14:46,-6.0,16:25,16:08,-17,Not Cancelled,NOT CANCELLED,Not Diverted,93,82.0,20:42,14:19,6:12,2:16,6:47
2020-09-27,SOUTHWEST AIRLINES CO.,"NASHVILLE, TN","ATLANTA, GA",9:15,9:09,-6.0,11:20,11:04,-16,Not Cancelled,NOT CANCELLED,Not Diverted,65,55.0,45:32:00,4:01,5:25,4:28,1:37
2022-07-24,SOUTHWEST AIRLINES CO.,"NEW ORLEANS, LA","TAMPA, FL",21:45,22:20,35.0,0:15,0:45,30,Not Cancelled,NOT CANCELLED,Not Diverted,90,85.0,38:42:00,12:26,10:13,2:19,0:30
2020-02-27,SPIRIT AIR LINES,"FORT LAUDERDALE, FL","DENVER, CO",20:21,20:34,13.0,22:55,22:58,3,Not Cancelled,NOT CANCELLED,Not Diverted,274,264.0,37:35:00,14:49,1:37,2:52,19:37
2022-04-06,AMERICAN AIRLINES INC.,"PHILADELPHIA, PA","FORT LAUDERDALE, FL",8:04,7:58,-6.0,10:44,10:33,-11,Not Cancelled,NOT CANCELLED,Not Diverted,160,155.0,44:18:00,8:26,14:17,1:58,21:03
2021-01-28,AMERICAN AIRLINES INC.,"HOUSTON, TX","CHARLOTTE, NC",8:39,8:32,-7.0,12:05,11:46,-19,Not Cancelled,NOT CANCELLED,Not Diverted,146,134.0,15:59,21:37,13:35,2:39,19:18
2022-10-25,FRONTIER AIRLINES INC.,"MIAMI, FL","CINCINNATI, OH",8:55,8:49,-6.0,11:38,11:30,-8,Not Cancelled,NOT CANCELLED,Not Diverted,163,161.0,15:20,5:32,1:03,2:59,21:53
2019-08-27,SOUTHWEST AIRLINES CO.,"ALBUQUERQUE, NM","DENVER, CO",8:45,8:39,-6.0,10:00,10:16,16,Not Cancelled,NOT CANCELLED,Not Diverted,75,97.0,46:41:00,11:57,0:16,3:08,0:03
2020-05-25,ALASKA AIRLINES INC.,"SEATTLE, WA","NEW YORK, NY",12:45,12:37,-8.0,21:18,20:48,-30,Not Cancelled,NOT CANCELLED,Not Diverted,333,311.0,35:14:00,22:15,5:38,4:37,25:38:00
2023-02-21,SOUTHWEST AIRLINES CO.,"SAN JOSE, CA","SANTA ANA, CA",19:55,20:04,9.0,21:15,21:07,-8,Not Cancelled,NOT CANCELLED,Not Diverted,80,63.0,22:26,4:30,10:15,3:52,22:34
2019-12-27,AMERICAN AIRLINES INC.,"BOSTON, MA","LOS ANGELES, CA",11:02,11:02,0.0,14:52,14:36,-16,Not Cancelled,NOT CANCELLED,Not Diverted,410,394.0,1:21,8:58,4:46,0:21,4:11
2023-01-05,SKYWEST AIRLINES INC.,"DENVER, CO","ASPEN, CO",17:31,17:27,-4.0,18:29,18:18,-11,Not Cancelled,NOT CANCELLED,Not Diverted,58,51.0,13:42,8:31,6:18,2:23,12:21
2020-08-17,AMERICAN AIRLINES INC.,"NEW YORK, NY","CHARLOTTE, NC",12:59,12:58,-1.0,14:58,14:45,-13,Not Cancelled,NOT CANCELLED,Not Diverted,119,107.0,10:13,17:14,1:40,1:52,9:34
2023-03-19,UNITED AIR LINES INC.,"MIAMI, FL","WASHINGTON, DC",13:57,13:56,-1.0,16:25,16:17,-8,Not Cancelled,NOT CANCELLED,Not Diverted,148,141.0,24:10:00,15:21,10:42,4:53,6:41
2021-11-09,SKYWEST AIRLINES INC.,"KANSAS CITY, MO","DENVER, CO",17:10,17:05,-5.0,18:08,17:52,-16,Not Cancelled,NOT CANCELLED,Not Diverted,118,107.0,47:28:00,10:56,4:17,3:58,25:35:00
2023-01-07,SOUTHWEST AIRLINES CO.,"BALTIMORE, MD","CHARLOTTE, NC",15:30,15:29,-1.0,17:05,16:41,-24,Not Cancelled,NOT CANCELLED,Not Diverted,95,72.0,11:22,16:02,7:30,3:39,10:16
2020-01-05,UNITED AIR LINES INC.,"CHICAGO, IL","CLEVELAND, OH",21:10,21:05,-5.0,23:26,23:19,-7,Not Cancelled,NOT CANCELLED,Not Diverted,76,74.0,6:06,2:50,6:18,0:44,27:38:00
2021-08-20,SOUTHWEST AIRLINES CO.,"WASHINGTON, DC","CHICAGO, IL",14:55,15:28,33.0,15:50,16:14,24,Not Cancelled,NOT CANCELLED,Not Diverted,115,106.0,0:08,0:06,9:29,1:43,0:16
2019-07-03,UNITED AIR LINES INC.,"SAN DIEGO, CA","HOUSTON, TX",15:35,15:26,-9.0,20:48,20:34,-14,Not Cancelled,NOT CANCELLED,Not Diverted,193,188.0,19:31,2:45,3:33,1:57,23:33
2019-01-21,ENVOY AIR,"CHICAGO, IL","ST. LOUIS, MO",16:30,17:14,44.0,17:45,18:23,38,Not Cancelled,NOT CANCELLED,Not Diverted,75,69.0,2:45,0:16,0:49,0:59,0:22
2022-04-20,UNITED AIR LINES INC.,"NEWARK, NJ","LAS VEGAS, NV",16:30,16:23,-7.0,19:07,19:07,0,Not Cancelled,NOT CANCELLED,Not Diverted,337,344.0,29:32:00,0:29,4:03,3:09,16:54
2021-09-11,AMERICAN AIRLINES INC.,"WASHINGTON, DC","CHARLESTON, SC",17:00,16:41,-19.0,18:38,18:05,-33,Not Cancelled,NOT CANCELLED,Not Diverted,98,84.0,30:14:00,20:35,5:27,0:32,1:50
2022-08-17,AMERICAN AIRLINES INC.,"CHICAGO, IL","NEWARK, NJ",10:00,9:53,-7.0,13:02,12:58,-4,Not Cancelled,NOT CANCELLED,Not Diverted,122,125.0,45:28:00,6:36,2:06,2:25,4:17
2022-08-27,UNITED AIR LINES INC.,"DENVER, CO","WICHITA, KS",17:48,18:18,30.0,20:16,21:18,62,Not Cancelled,NOT CANCELLED,Not Diverted,88,120.0,0:30,22:47,0:32,0:16,0:03
2022-10-08,ENDEAVOR AIR INC.,"RICHMOND, VA","NEW YORK, NY",8:50,8:46,-4.0,10:13,9:56,-17,Not Cancelled,NOT CANCELLED,Not Diverted,83,70.0,5:03,21:19,12:18,2:56,20:50
2020-03-16,AMERICAN AIRLINES INC.,"SAN ANTONIO, TX","MIAMI, FL",6:00,5:56,-4.0,9:48,9:27,-21,Not Cancelled,NOT CANCELLED,Not Diverted,168,151.0,19:02,8:49,2:58,3:09,20:47
2019-10-23,DELTA AIR LINES INC.,"SAN FRANCISCO, CA","NEW YORK, NY",6:15,6:16,1.0,14:45,14:28,-17,Not Cancelled,NOT CANCELLED,Not Diverted,330,312.0,29:36:00,10:43,7:44,0:45,12:45
2020-12-26,UNITED AIR LINES INC.,"WASHINGTON, DC","MIAMI, FL",17:45,17:53,8.0,20:28,20:24,-4,Not Cancelled,NOT CANCELLED,Not Diverted,163,151.0,21:01,18:28,6:41,2:16,18:58
2022-12-23,FRONTIER AIRLINES INC.,"SAN DIEGO, CA","DENVER, CO",6:25,13:24,-2.0,9:59,15:06,-7,Cancelled,UNKNOWN,Not Diverted,154,120.0,34:25:00,6:40,12:08,2:11,11:47
2020-06-27,SKYWEST AIRLINES INC.,"SAN DIEGO, CA","SEATTLE, WA",21:05,20:57,-8.0,23:50,23:52,2,Not Cancelled,NOT CANCELLED,Not Diverted,165,175.0,26:03:00,15:14,11:47,1:46,5:36
2022-10-11,AMERICAN AIRLINES INC.,"COLUMBUS, OH","DALLAS/FORT WORTH, TX",16:52,16:48,-4.0,18:40,18:25,-15,Not Cancelled,NOT CANCELLED,Not Diverted,168,157.0,43:13:00,14:38,2:32,3:43,5:39
2022-07-10,SKYWEST AIRLINES INC.,"PHOENIX, AZ","ROSWELL, NM",18:55,18:49,-6.0,21:32,21:16,-16,Not Cancelled,NOT CANCELLED,Not Diverted,97,87.0,11:12,15:55,7:17,2:54,8:53
2021-03-18,DELTA AIR LINES INC.,"BALTIMORE, MD","MINNEAPOLIS, MN",18:33,21:43,190.0,20:20,23:24,184,Not Cancelled,NOT CANCELLED,Not Diverted,167,161.0,3:04,14:38,11:56,3:09,17:23
2021-02-15,DELTA AIR LINES INC.,"NEWARK, NJ","ATLANTA, GA",18:45,18:33,-12.0,21:15,21:15,0,Not Cancelled,NOT CANCELLED,Not Diverted,150,162.0,38:12:00,11:01,11:27,2:18,0:21
2020-12-09,SOUTHWEST AIRLINES CO.,"CHICAGO, IL","ORLANDO, FL",14:50,14:41,-9.0,18:25,17:57,-28,Not Cancelled,NOT CANCELLED,Not Diverted,155,136.0,4:17,8:04,13:40,3:34,1:02
2022-12-29,ALASKA AIRLINES INC.,"SAN JOSE, CA","KONA, HI",7:40,7:32,-8.0,11:10,10:54,-16,Not Cancelled,NOT CANCELLED,Not Diverted,330,322.0,5:03,8:31,2:36,4:16,24:57:00
2019-02-26,PSA AIRLINES INC.,"PITTSBURGH, PA","WASHINGTON, DC",15:01,14:52,-9.0,16:19,15:57,-22,Not Cancelled,NOT CANCELLED,Not Diverted,78,65.0,12:56,0:10,14:13,4:58,4:02
2019-04-02,ENVOY AIR,"NEW YORK, NY","WILMINGTON, NC",20:05,19:55,-10.0,21:57,21:58,1,Not Cancelled,NOT CANCELLED,Not Diverted,112,123.0,17:12,7:30,12:43,2:18,11:13
2020-03-01,SPIRIT AIR LINES,"FORT LAUDERDALE, FL","COLUMBUS, OH",21:05,21:02,-3.0,23:44,23:46,2,Not Cancelled,NOT CANCELLED,Not Diverted,159,164.0,37:06:00,7:57,3:45,1:59,16:38
2020-09-28,SKYWEST AIRLINES INC.,"DENVER, CO",UNKNOWN,14:35,14:30,-5.0,15:51,15:30,-21,Not Cancelled,NOT CANCELLED,Not Diverted,76,60.0,34:22:00,3:02,8:30,3:14,11:06
2020-07-26,ENVOY AIR,"ROCHESTER, NY","CHICAGO, IL",6:41,6:36,-5.0,7:31,7:20,-11,Not Cancelled,NOT CANCELLED,Not Diverted,110,104.0,29:25:00,23:00,11:42,2:23,10:10
2021-04-26,SKYWEST AIRLINES INC.,"LOS ANGELES, CA","RENO, NV",8:16,9:08,52.0,9:47,10:30,43,Not Cancelled,NOT CANCELLED,Not Diverted,91,82.0,0:43,12:30,9:28,1:14,12:39
2022-09-16,DELTA AIR LINES INC.,"ATLANTA, GA","PHOENIX, AZ",11:32,11:26,-6.0,12:20,12:23,3,Not Cancelled,NOT CANCELLED,Not Diverted,228,237.0,35:59:00,17:56,2:33,00:00,17:55
2019-08-05,DELTA AIR LINES INC.,"ALBANY, NY","ATLANTA, GA",18:20,18:23,3.0,20:58,20:56,-2,Not Cancelled,NOT CANCELLED,Not Diverted,158,153.0,24:15:00,19:18,6:05,0:09,10:43
2022-11-03,SOUTHWEST AIRLINES CO.,"LOS ANGELES, CA","SACRAMENTO, CA",12:35,12:30,-5.0,13:55,13:51,-4,Not Cancelled,NOT CANCELLED,Not Diverted,80,81.0,9:04,17:05,13:06,1:11,28:27:00
2022-07-05,REPUBLIC AIRLINE,"TRAVERSE CITY, MI","BOSTON, MA",11:20,11:14,-6.0,13:38,13:11,-27,Not Cancelled,NOT CANCELLED,Not Diverted,138,117.0,18:39,22:28,2:24,1:29,10:09
2019-09-17,AMERICAN AIRLINES INC.,"SAN FRANCISCO, CA","MIAMI, FL",7:10,7:04,-6.0,15:50,15:24,-26,Not Cancelled,NOT CANCELLED,Not Diverted,340,320.0,35:44:00,17:51,5:12,0:55,14:55
2021-06-06,JETBLUE AIRWAYS,"WEST PALM BEACH/PALM BEACH, FL","NEWARK, NJ",10:40,10:36,-4.0,13:30,13:28,-2,Not Cancelled,NOT CANCELLED,Not Diverted,170,172.0,12:56,13:15,8:47,4:46,21:47
2019-03-02,UNITED AIR LINES INC.,"DETROIT, MI","DENVER, CO",7:05,7:06,1.0,8:25,8:30,5,Not Cancelled,NOT CANCELLED,Not Diverted,200,204.0,5:42,5:23,3:01,3:06,27:29:00
2019-12-21,UNITED AIR LINES INC.,"CHICAGO, IL","ORLANDO, FL",10:04,10:06,2.0,13:52,14:16,24,Not Cancelled,NOT CANCELLED,Not Diverted,168,123.0,8:36,19:11,0:24,0:54,9:51
2022-08-06,AMERICAN AIRLINES INC.,"AUSTIN, TX","CHARLOTTE, NC",15:25,16:24,59.0,19:12,20:29,77,Not Cancelled,NOT CANCELLED,Not Diverted,167,185.0,0:59,6:10,0:18,3:02,12:06
2021-10-04,ALASKA AIRLINES INC.,"SEATTLE, WA","LIHUE, HI",11:30,12:08,38.0,14:49,15:13,24,Not Cancelled,NOT CANCELLED,Not Diverted,379,365.0,0:24,20:48,3:51,4:06,3:40
2022-01-11,SOUTHWEST AIRLINES CO.,"FRESNO, CA","LAS VEGAS, NV",6:40,6:36,-4.0,7:40,7:44,4,Not Cancelled,NOT CANCELLED,Not Diverted,60,68.0,31:05:00,6:44,3:50,1:42,3:25
2022-07-24,ENVOY AIR,"DALLAS/FORT WORTH, TX","WACO, TX",15:05,15:32,27.0,15:49,16:19,30,Not Cancelled,NOT CANCELLED,Not Diverted,44,47.0,17:23,20:58,0:03,4:57,0:27
2023-08-13,SKYWEST AIRLINES INC.,"PELLSTON, MI","DETROIT, MI",6:35,6:29,-6.0,7:45,7:37,-8,Not Cancelled,NOT CANCELLED,Not Diverted,70,68.0,22:50,13:16,2:12,3:21,15:22
2019-11-21,AMERICAN AIRLINES INC.,"NEW YORK, NY","WASHINGTON, DC",8:00,7:53,-7.0,9:25,9:01,-24,Not Cancelled,NOT CANCELLED,Not Diverted,85,68.0,22:38,11:11,0:50,3:44,7:47
2021-06-04,DELTA AIR LINES INC.,"NEW YORK, NY","DETROIT, MI",17:45,21:20,215.0,20:00,22:53,173,Not Cancelled,NOT CANCELLED,Not Diverted,135,93.0,30:50:00,17:10,0:11,3:18,2:53
